model,horizon,target,method,nRMSE,nMAE,NSE,KGE
LSTM-KAN,1,Algae_Sum,Base,0.3127003837545883,0.2507940345491829,0.5383560825824601,0.5182514675696054
LSTM-KAN,1,Algae_Sum,BU,0.2982088072993165,0.23690422133343558,0.5801528390541452,0.5517329564606493
LSTM-KAN,1,Algae_Sum,TD,0.3127003837545883,0.2507940345491829,0.5383560825824601,0.5182514675696054
LSTM-KAN,1,Algae_Sum,OLS,0.30970702402530603,0.2479736339145409,0.5471520569238302,0.5250038202165006
LSTM-KAN,1,Algae_Sum,WLS,0.3053039608851653,0.2437651322008177,0.5599366843292917,0.5350716753497365
LSTM-KAN,1,Algae_Sum,MinT,0.3013872115211136,0.23999740981299458,0.5711554156377757,0.5441930708738221
LSTM-KAN,1,Green_Algae,Base,3.641556957581218,3.145009709810358,-2.0960473497184307,-1.9145161294306052
LSTM-KAN,1,Green_Algae,BU,3.641556957581218,3.145009709810358,-2.0960473497184307,-1.9145161294306052
LSTM-KAN,1,Green_Algae,TD,5.09339469795282,4.765578590160932,-5.056867086095457,-3.6504223119344
LSTM-KAN,1,Green_Algae,OLS,3.6295346817234697,3.141586486588461,-2.075638445533485,-1.9137600659751026
LSTM-KAN,1,Green_Algae,WLS,3.633883020761577,3.1428701952966738,-2.0830123549510344,-1.9140285071483074
LSTM-KAN,1,Green_Algae,MinT,3.6321026758892283,3.142351447686886,-2.0799921803121193,-1.913917851349722
LSTM-KAN,1,Cyanobacteria,Base,0.4031506234156581,0.3232175714205047,0.3829946610377497,0.3755784842201316
LSTM-KAN,1,Cyanobacteria,BU,0.4031506234156581,0.3232175714205047,0.3829946610377497,0.3755784842201316
LSTM-KAN,1,Cyanobacteria,TD,0.5135347159663901,0.42072766857954935,-0.0011378171039342355,0.17855758819857714
LSTM-KAN,1,Cyanobacteria,OLS,0.41111727121296526,0.33068051850559993,0.35836847365583435,0.3566078411303739
LSTM-KAN,1,Cyanobacteria,WLS,0.4081038089983416,0.32788179435928244,0.3677402328278998,0.3637886011061029
LSTM-KAN,1,Cyanobacteria,MinT,0.40332622472271984,0.32338436076783744,0.3824570429160665,0.37516034946030685
LSTM-KAN,1,Diatoms,Base,0.7773519635096192,0.5788421938461732,0.22683463308081098,0.21413387277906604
LSTM-KAN,1,Diatoms,BU,0.7773519635096192,0.5788421938461732,0.22683463308081098,0.21413387277906604
LSTM-KAN,1,Diatoms,TD,0.8680859155032992,0.6830050067047501,0.03581046787165121,0.03141560119608022
LSTM-KAN,1,Diatoms,OLS,0.7895440035556475,0.5855703367795329,0.20239168780047856,0.19654660357516707
LSTM-KAN,1,Diatoms,WLS,0.7848786449470777,0.5828615996457001,0.2117898590181112,0.2031287014187776
LSTM-KAN,1,Diatoms,MinT,0.7764877686850281,0.5783937078247099,0.2285527585497339,0.21543109937032268
LSTM-KAN,1,Cryptophyta,Base,0.4282744151106125,0.31925628414323715,0.33308360061629116,0.48055541500230825
LSTM-KAN,1,Cryptophyta,BU,0.4282744151106125,0.31925628414323715,0.33308360061629116,0.48055541500230825
LSTM-KAN,1,Cryptophyta,TD,0.5850497338115197,0.4434436906527671,-0.24455102741336177,0.1246907625067526
LSTM-KAN,1,Cryptophyta,OLS,0.43328280793330604,0.3234690239193359,0.31739408095371413,0.4688300654541644
LSTM-KAN,1,Cryptophyta,WLS,0.431366156183642,0.3218462398874656,0.3234198179323836,0.47325194646575475
LSTM-KAN,1,Cryptophyta,MinT,0.430278858447546,0.3209350778767487,0.32682628346379194,0.4757951090660384
LSTM-KAN,2,Algae_Sum,Base,0.3932064189921474,0.3171505686135291,0.28407320567511785,0.31191474515086826
LSTM-KAN,2,Algae_Sum,BU,0.385946325003672,0.3114262478557741,0.3102666292684335,0.3294054326947622
LSTM-KAN,2,Algae_Sum,TD,0.3932064189921474,0.3171505686135291,0.28407320567511785,0.31191474515086826
LSTM-KAN,2,Algae_Sum,OLS,0.3916721690449338,0.3158419793182568,0.2896492474294956,0.3154785696554049
LSTM-KAN,2,Algae_Sum,WLS,0.3894471596235057,0.3140175965589573,0.2976970378400795,0.3207627371300792
LSTM-KAN,2,Algae_Sum,MinT,0.3876509457026624,0.3126534200589914,0.30416044219782157,0.32514191518701774
LSTM-KAN,2,Green_Algae,Base,3.785249919239028,3.2954625590093647,-2.291598193447882,-2.019346691913279
LSTM-KAN,2,Green_Algae,BU,3.785249919239028,3.2954625590093647,-2.291598193447882,-2.019346691913279
LSTM-KAN,2,Green_Algae,TD,4.972822185171022,4.710166381566799,-4.680983896010812,-3.5723169365082397
LSTM-KAN,2,Green_Algae,OLS,3.7441186573122613,3.2555778349177116,-2.2204525537174065,-1.9734729835102982
LSTM-KAN,2,Green_Algae,WLS,3.7594654202127322,3.270488504593517,-2.246907277677969,-1.990669907624111
LSTM-KAN,2,Green_Algae,MinT,3.7563322220147075,3.2674517190288213,-2.2414974847207136,-1.9871669282360456
LSTM-KAN,2,Cyanobacteria,Base,0.47028585181188526,0.38223727184424516,0.17197077457569787,0.21100647490289437
LSTM-KAN,2,Cyanobacteria,BU,0.47028585181188526,0.38223727184424516,0.17197077457569787,0.21100647490289437
LSTM-KAN,2,Cyanobacteria,TD,0.5690419751681068,0.4664642927657677,-0.2123009480376552,-0.015974985040295042
LSTM-KAN,2,Cyanobacteria,OLS,0.4763612500851001,0.3871970474623547,0.15043875819323393,0.19781226654200001
LSTM-KAN,2,Cyanobacteria,WLS,0.4740621906073328,0.38531591624035594,0.158619434037492,0.2028009635869742
LSTM-KAN,2,Cyanobacteria,MinT,0.4710131944689573,0.382824902937011,0.16940753903662376,0.20942455842692598
LSTM-KAN,2,Diatoms,Base,0.903987946024806,0.6679947883157068,-0.04449945039719139,0.06778099215880551
LSTM-KAN,2,Diatoms,BU,0.903987946024806,0.6679947883157068,-0.04449945039719139,0.06778099215880551
LSTM-KAN,2,Diatoms,TD,0.9142105990944493,0.7172746439687271,-0.06825624620298831,-0.08595618909393155
LSTM-KAN,2,Diatoms,OLS,0.9208050479408798,0.6802411267455413,-0.08372307264765588,0.045828781233193894
LSTM-KAN,2,Diatoms,WLS,0.9144572109041805,0.6756343709309741,-0.06883265636272462,0.0540919446357363
LSTM-KAN,2,Diatoms,MinT,0.9039613625812664,0.6679753768660371,-0.04443802041014844,0.06781586911086124
LSTM-KAN,2,Cryptophyta,Base,0.5042982103514133,0.3828692244010443,0.08847613317157343,0.3007167030619713
LSTM-KAN,2,Cryptophyta,BU,0.5042982103514133,0.3828692244010443,0.08847613317157343,0.3007167030619713
LSTM-KAN,2,Cryptophyta,TD,0.627856592769382,0.4738348906163174,-0.4129087294696905,-0.0026981797093343918
LSTM-KAN,2,Cryptophyta,OLS,0.5090997883235147,0.3870585525515476,0.07103570196091624,0.29701765915174827
LSTM-KAN,2,Cryptophyta,WLS,0.5072742186978396,0.38545890261463595,0.07768606175009651,0.29841533678658694
LSTM-KAN,2,Cryptophyta,MinT,0.5062870570408926,0.384599189775999,0.08127223674731288,0.2991754602824216
LSTM-KAN,3,Algae_Sum,Base,0.45165079777245415,0.3615033837593114,0.06573753421830686,0.10923020188057653
LSTM-KAN,3,Algae_Sum,BU,0.44567061737791386,0.35640763564725675,0.09031435233153617,0.13100966853386353
LSTM-KAN,3,Algae_Sum,TD,0.45165079777245415,0.3615033837593114,0.06573753421830686,0.10923020188057653
LSTM-KAN,3,Algae_Sum,OLS,0.45043880623922294,0.36046204316605174,0.0707449378706555,0.11361475169166169
LSTM-KAN,3,Algae_Sum,WLS,0.4486356772340106,0.3589000322761623,0.07816975582133179,0.1201658697724346
LSTM-KAN,3,Algae_Sum,MinT,0.4476735368516485,0.3580739823209826,0.08211941518666677,0.12367500201424786
LSTM-KAN,3,Green_Algae,Base,3.6723065567230218,3.1295134578674926,-2.1130267458406737,-1.837986995504357
LSTM-KAN,3,Green_Algae,BU,3.6723065567230218,3.1295134578674926,-2.1130267458406737,-1.837986995504357
LSTM-KAN,3,Green_Algae,TD,4.877909973229794,4.6415780200785255,-4.492531512040483,-3.498473310037032
LSTM-KAN,3,Green_Algae,OLS,3.6649398923646603,3.1205450702518984,-2.1005497800177206,-1.8275197950322104
LSTM-KAN,3,Green_Algae,WLS,3.6676660121814186,3.1239082156077473,-2.1051641060796693,-1.831441432811277
LSTM-KAN,3,Green_Algae,MinT,3.666203728012629,3.1221109436860917,-2.1026885659773167,-1.8293451648442818
LSTM-KAN,3,Cyanobacteria,Base,0.5135698066908977,0.4177051225913103,0.023871765802204514,0.09729522233529964
LSTM-KAN,3,Cyanobacteria,BU,0.5135698066908977,0.4177051225913103,0.023871765802204514,0.09729522233529964
LSTM-KAN,3,Cyanobacteria,TD,0.611947433936768,0.5017841138597101,-0.3859135614134215,-0.20808836050679047
LSTM-KAN,3,Cyanobacteria,OLS,0.5172342479942499,0.4210364566460927,0.009892260723370794,0.08365009678024127
LSTM-KAN,3,Cyanobacteria,WLS,0.5158555458526608,0.41978720637554934,0.015163544898495251,0.0888115227993509
LSTM-KAN,3,Cyanobacteria,MinT,0.5145556404293188,0.418604819155079,0.02012067399149231,0.09364737274749568
LSTM-KAN,3,Diatoms,Base,0.9089604224972919,0.6734401405437873,-0.056314003425374626,0.057695913874280635
LSTM-KAN,3,Diatoms,BU,0.9089604224972919,0.6734401405437873,-0.056314003425374626,0.057695913874280635
LSTM-KAN,3,Diatoms,TD,0.9469075648812562,0.7432996605615373,-0.14635270986089965,-0.20166253687205526
LSTM-KAN,3,Diatoms,OLS,0.914700013510415,0.6776785679746371,-0.06969621872671072,0.04827605765362075
LSTM-KAN,3,Diatoms,WLS,0.9125305254685613,0.6760786328998503,-0.0646280193007569,0.05183156733691818
LSTM-KAN,3,Diatoms,MinT,0.9096180261754295,0.6739269398634037,-0.057842974830801586,0.056614139745781
LSTM-KAN,3,Cryptophyta,Base,0.5677280137098387,0.4306145412220836,-0.15709137524715566,0.15293035687868262
LSTM-KAN,3,Cryptophyta,BU,0.5677280137098387,0.4306145412220836,-0.15709137524715566,0.15293035687868262
LSTM-KAN,3,Cryptophyta,TD,0.6617046686480116,0.49951257361091095,-0.5718655844815046,-0.1410393236506986
LSTM-KAN,3,Cryptophyta,OLS,0.5703209225576431,0.43264328347668257,-0.16768477093613643,0.1456043410347979
LSTM-KAN,3,Cryptophyta,WLS,0.56934255298608,0.43188250513120796,-0.1636819462003165,0.14835333408610873
LSTM-KAN,3,Cryptophyta,MinT,0.5689715411250624,0.43159252951320975,-0.16216581454745493,0.14940060504427655
