model_name,horizon,target,dataset,nRMSE,nMAE,NSE,KGE
LSTM_FC,1,Green_Algae,train,0.382790869728124,0.27281858572160056,0.7922633322369191,0.8389195078793255
LSTM_FC,1,Cyanobacteria,train,0.3294588636483789,0.23316056161395315,0.7039330343309489,0.7475518622560915
LSTM_FC,1,Diatoms,train,0.4608993567920399,0.312462317658888,0.7437764051736231,0.7808710678456346
LSTM_FC,1,Cryptophyta,train,0.5382586747977506,0.36495906325986066,0.7007929619943603,0.7216650663029783
LSTM_FC,1,Algae_Sum,train,0.2854093794535997,0.20790722538338602,0.7452573223661927,0.8092628737204766
LSTM_FC,2,Green_Algae,train,0.45771742552949807,0.3319524909608699,0.7032582941381591,0.76867689324455
LSTM_FC,2,Cyanobacteria,train,0.3685989453167959,0.26327438564125744,0.6294685749300354,0.7028208671112929
LSTM_FC,2,Diatoms,train,0.5292977427853874,0.3610516801629782,0.6628056930424133,0.7108434146103632
LSTM_FC,2,Cryptophyta,train,0.6197277446673439,0.42485331057372216,0.6039158176888695,0.6424530834524075
LSTM_FC,2,Algae_Sum,train,0.35173981578398317,0.26038869065116843,0.6129242400229407,0.7065886064629233
LSTM_FC,3,Green_Algae,train,0.5056839739029633,0.3673386338047517,0.6374668820850904,0.695688307550985
LSTM_FC,3,Cyanobacteria,train,0.38824606588088156,0.2817563239217331,0.5890307609887571,0.6624931648527678
LSTM_FC,3,Diatoms,train,0.5786157750123304,0.39594137846693944,0.5981172013305854,0.6589526822416527
LSTM_FC,3,Cryptophyta,train,0.6550984640786726,0.4571585676261357,0.5573889926106841,0.5904334386834387
LSTM_FC,3,Algae_Sum,train,0.3840236101881361,0.28824005741513986,0.5375886172182583,0.6088772143336367
LSTM_FC,1,Green_Algae,val,0.780672932237964,0.5656888735125206,0.4251152955658023,0.43791446320705973
LSTM_FC,1,Cyanobacteria,val,0.3774270634182412,0.30021001647946155,0.15043123291618954,0.37663389358728816
LSTM_FC,1,Diatoms,val,1.019352902323994,0.7526605731458967,0.4515364249705879,0.4512955723349258
LSTM_FC,1,Cryptophyta,val,0.49730134836140377,0.41315078423285084,-0.0339571207062348,0.5205519873337139
LSTM_FC,1,Algae_Sum,val,0.35938847574047783,0.2831918458413256,0.21162722951944535,0.42907622757661235
LSTM_FC,2,Green_Algae,val,0.8524067576881982,0.6506262784984241,0.3294266892930906,0.3794860381555367
LSTM_FC,2,Cyanobacteria,val,0.426540409357107,0.34579968442207154,-0.08079599913499957,0.23532609795803294
LSTM_FC,2,Diatoms,val,1.0820952497143843,0.7785317173703138,0.3827134497156972,0.42799104636571494
LSTM_FC,2,Cryptophyta,val,0.5674032641840433,0.47690963396804215,-0.3630532958458532,0.41044561660917067
LSTM_FC,2,Algae_Sum,val,0.4630861787737639,0.37401191147972424,-0.29625295397877527,0.1645844441958627
LSTM_FC,3,Green_Algae,val,1.0697605387941798,0.7672081094583288,-0.03138024809870066,0.11965142987489163
LSTM_FC,3,Cyanobacteria,val,0.4602852172956625,0.3736910610785368,-0.2514065524527529,0.14566912275329702
LSTM_FC,3,Diatoms,val,1.192084545904918,0.8546724257556196,0.25920378356456997,0.3033134022615501
LSTM_FC,3,Cryptophyta,val,0.5905990001904201,0.48945883006859453,-0.5345376827679231,0.34438178130017016
LSTM_FC,3,Algae_Sum,val,0.504309679374614,0.4119322942728943,-0.5473192722405165,-0.02297403816841137
LSTM_FC,1,Green_Algae,test,2.2216018117017917,1.786799007276548,-0.15230068887712167,-0.23548449328264875
LSTM_FC,1,Cyanobacteria,test,0.43448657067770685,0.35780499634462526,0.28335023003852944,0.27721909984192117
LSTM_FC,1,Diatoms,test,0.9238266200058718,0.6789503881737764,-0.09198817835175754,0.03858547512353372
LSTM_FC,1,Cryptophyta,test,0.6151602180401702,0.47392868636292784,-0.37595306473320145,0.0793943287083031
LSTM_FC,1,Algae_Sum,test,0.4413959376129482,0.350901821298039,0.08017130673275541,0.2572442010613434
LSTM_FC,2,Green_Algae,test,2.2202670729206657,1.7250965882892988,-0.13247372395760193,-0.22616567391063436
LSTM_FC,2,Cyanobacteria,test,0.5145964765596241,0.4242616471027747,0.008585069418048596,0.04730111352287514
LSTM_FC,2,Diatoms,test,0.9319658815565394,0.6912223698270485,-0.11015332430996638,0.023673422608753825
LSTM_FC,2,Cryptophyta,test,0.6721025448332236,0.5160948422823655,-0.6190649464243341,-0.06790251789328372
LSTM_FC,2,Algae_Sum,test,0.5787381508895161,0.45460384328716347,-0.5509280241574797,-0.12385069692246775
LSTM_FC,3,Green_Algae,test,2.55143883154139,2.0166769589059843,-0.5027104888911647,-0.11857974050700681
LSTM_FC,3,Cyanobacteria,test,0.5581367788334087,0.46127986753269223,-0.1528935026645939,-0.12274237092289919
LSTM_FC,3,Diatoms,test,1.0368106780134048,0.7669302696788917,-0.37436476417387676,-0.1577016735473824
LSTM_FC,3,Cryptophyta,test,0.6946611858260499,0.5293274767877243,-0.7323397645578944,-0.1742996150371121
LSTM_FC,3,Algae_Sum,test,0.6049569299206957,0.4826724933226805,-0.6761475632111171,-0.27310780577994653
LSTM_MLP,1,Green_Algae,train,0.2944998546916605,0.20478226213513875,0.8770410376094788,0.8889020547681192
LSTM_MLP,1,Cyanobacteria,train,0.2542156473454946,0.178106878359121,0.8237244341614405,0.8531862418841742
LSTM_MLP,1,Diatoms,train,0.34985489780012974,0.24518973582621575,0.8523672082491751,0.8711693339265193
LSTM_MLP,1,Cryptophyta,train,0.4432380007525672,0.30333570838662677,0.7971085696609235,0.7716832077386797
LSTM_MLP,1,Algae_Sum,train,0.21999916521426496,0.159090394848103,0.8486413335828851,0.8656858073907072
LSTM_MLP,2,Green_Algae,train,0.314697117096393,0.22039194098463796,0.859728569919518,0.8704700970534381
LSTM_MLP,2,Cyanobacteria,train,0.2771063095985324,0.19305341187018266,0.7905840773865858,0.8262382992296086
LSTM_MLP,2,Diatoms,train,0.3825609843517979,0.2668517575635781,0.8238504645410202,0.8535898066086502
LSTM_MLP,2,Cryptophyta,train,0.4599341847739342,0.31530921505621184,0.7818390582296697,0.7718826956627571
LSTM_MLP,2,Algae_Sum,train,0.23853111151855946,0.16997030952072742,0.8219905839937914,0.8475414723965401
LSTM_MLP,3,Green_Algae,train,0.33299454074888907,0.23567615190551316,0.8427960215388661,0.857243003704328
LSTM_MLP,3,Cyanobacteria,train,0.30591244899891173,0.21449187943724154,0.7448535733138579,0.792821285679093
LSTM_MLP,3,Diatoms,train,0.42395822962135926,0.2875487624850094,0.7842429386750491,0.8348237061375863
LSTM_MLP,3,Cryptophyta,train,0.4771447242214709,0.33579498552917314,0.7651939405008648,0.7865223539431903
LSTM_MLP,3,Algae_Sum,train,0.25001056352840806,0.18072291715088748,0.8040120446906334,0.8397902347530064
LSTM_MLP,1,Green_Algae,val,0.7885094401883652,0.5651852761428123,0.4135158158462684,0.39960048707064955
LSTM_MLP,1,Cyanobacteria,val,0.3042662603296382,0.2163689081409472,0.44787163989410106,0.5151885812442974
LSTM_MLP,1,Diatoms,val,0.864162688133664,0.5974311636434032,0.6058244480858861,0.5490336598652835
LSTM_MLP,1,Cryptophyta,val,0.5062232245640889,0.42203931306328907,-0.07138950226755947,0.46393783963877033
LSTM_MLP,1,Algae_Sum,val,0.3379808295871734,0.26817889710159853,0.3027517105544748,0.5334240023369731
LSTM_MLP,2,Green_Algae,val,0.9324159729886883,0.6807348663634637,0.19763513028295288,0.30552077511990483
LSTM_MLP,2,Cyanobacteria,val,0.372394234393466,0.26579856462671964,0.17618582138853778,0.3614013617511229
LSTM_MLP,2,Diatoms,val,0.9904195276791476,0.6920187593503916,0.4828765614972349,0.45965381765303137
LSTM_MLP,2,Cryptophyta,val,0.6249725360537861,0.5042505179523172,-0.6536783607850478,0.3228986963159187
LSTM_MLP,2,Algae_Sum,val,0.423486762768835,0.3338059199633875,-0.08404122971791073,0.3273964643593704
LSTM_MLP,3,Green_Algae,val,1.1005821021243747,0.8284466615614732,-0.09166793607155821,0.11904254815898985
LSTM_MLP,3,Cyanobacteria,val,0.40249948106371203,0.294020698848257,0.04308134779303896,0.2542819600755394
LSTM_MLP,3,Diatoms,val,1.107112558505469,0.7615481584936524,0.3610480582866331,0.40742955103935763
LSTM_MLP,3,Cryptophyta,val,0.7443790388867938,0.5903761156564626,-1.4377008753087082,0.15548479188125852
LSTM_MLP,3,Algae_Sum,val,0.4939350261121876,0.3867855943229412,-0.4843112375608385,0.16080690096737438
LSTM_MLP,1,Green_Algae,test,2.2811555531124648,1.685686650583996,-0.21490741238383704,-0.2692273000167662
LSTM_MLP,1,Cyanobacteria,test,0.40595259812194906,0.32000389719380073,0.37438824390463776,0.3333196283100206
LSTM_MLP,1,Diatoms,test,0.8662022062642722,0.6605621263794376,0.039990427716968924,0.11515601966686739
LSTM_MLP,1,Cryptophyta,test,0.48092454304051413,0.36127056725240203,0.15902900456252023,0.32396098315124544
LSTM_MLP,1,Algae_Sum,test,0.3721848045167253,0.29559262962728017,0.3460153347812033,0.3598298283707422
LSTM_MLP,2,Green_Algae,test,2.7155897622637912,1.8967396334136253,-0.6941272300615338,-0.24878820188558604
LSTM_MLP,2,Cyanobacteria,test,0.463095459622826,0.37499404844909884,0.1970973625618948,0.21709273908161375
LSTM_MLP,2,Diatoms,test,0.9220798773261397,0.6950197386161118,-0.08672591975190858,0.02535664384446401
LSTM_MLP,2,Cryptophyta,test,0.574399020940642,0.44538650146669256,-0.18255288662660019,0.11061734338483031
LSTM_MLP,2,Algae_Sum,test,0.45835744739753864,0.3752234624550695,0.027172132020310436,0.14334109034754028
LSTM_MLP,3,Green_Algae,test,3.2490051216570266,2.23302984988291,-1.4367208969451601,-0.5698008498208298
LSTM_MLP,3,Cyanobacteria,test,0.5026420078667466,0.4099745170920142,0.06497015867680644,0.10855577709908748
LSTM_MLP,3,Diatoms,test,0.9725048041709206,0.7329698675347595,-0.20916787518435087,-0.04657322474038095
LSTM_MLP,3,Cryptophyta,test,0.5944983718241723,0.46831518764867885,-0.2687859089519986,0.0822771007023293
LSTM_MLP,3,Algae_Sum,test,0.5360139104962323,0.4453208776295654,-0.31587749386052755,-0.05265741721050321
LSTM_KAN,1,Green_Algae,train,0.3864014027413895,0.28718636042306966,0.7883260526712823,0.8295103146008107
LSTM_KAN,1,Cyanobacteria,train,0.29398063307090144,0.21418506174287277,0.7642644929095046,0.8465926899724818
LSTM_KAN,1,Diatoms,train,0.4081946404508147,0.27555465194401735,0.799025242949464,0.8506182290205919
LSTM_KAN,1,Cryptophyta,train,0.4924174628657053,0.33893575822983896,0.7495871439512687,0.8114736147461005
LSTM_KAN,1,Algae_Sum,train,0.26882479892712524,0.2062739700879058,0.774002369324568,0.8028949936268159
LSTM_KAN,2,Green_Algae,train,0.4943633945198745,0.37618603076343343,0.6538404583546034,0.7334808512017306
LSTM_KAN,2,Cyanobacteria,train,0.35762442144233836,0.2620716729676602,0.6512042321494551,0.7403502426603927
LSTM_KAN,2,Diatoms,train,0.5089284940104257,0.3437957004330674,0.6882591727055944,0.7768759279220612
LSTM_KAN,2,Cryptophyta,train,0.6063611909507803,0.42839490081176484,0.62081738741298,0.6965140767200118
LSTM_KAN,2,Algae_Sum,train,0.35818268147698457,0.27638029161535427,0.5986141314500957,0.6589519024339279
LSTM_KAN,3,Green_Algae,train,0.5539094852079843,0.4271281618281834,0.5650223827575872,0.6599575181505282
LSTM_KAN,3,Cyanobacteria,train,0.3875034615654527,0.2782279115344189,0.5906013920329016,0.6671298339014055
LSTM_KAN,3,Diatoms,train,0.5807601102013193,0.4009714719210872,0.5951329471304774,0.6918880394681886
LSTM_KAN,3,Cryptophyta,train,0.6633031906523946,0.4773846603077569,0.5462326742258751,0.6397472267867849
LSTM_KAN,3,Algae_Sum,train,0.40791524139159047,0.31780502942901173,0.4782619275974671,0.5532819160185858
LSTM_KAN,1,Green_Algae,val,0.6452471354480367,0.4935346448851471,0.60726945436843,0.6511804364836964
LSTM_KAN,1,Cyanobacteria,val,0.30397889990111426,0.2282393262519132,0.44891404873592233,0.6076692578614094
LSTM_KAN,1,Diatoms,val,0.8896337872606004,0.6626748806731778,0.5822454394478769,0.5418714987416993
LSTM_KAN,1,Cryptophyta,val,0.47257597981116145,0.3907323562084984,0.06630175638264046,0.5442224090551362
LSTM_KAN,1,Algae_Sum,val,0.33412749031628053,0.2710698492967027,0.3185598166611028,0.6049561613705068
LSTM_KAN,2,Green_Algae,val,0.8442499087049115,0.66363345324507,0.34219898267417226,0.48426470653258724
LSTM_KAN,2,Cyanobacteria,val,0.3835948100251205,0.2977983316652264,0.1258845212560603,0.3833057566393402
LSTM_KAN,2,Diatoms,val,1.0945618026584385,0.8272580918627569,0.36840830592836193,0.38993349156647483
LSTM_KAN,2,Cryptophyta,val,0.5873841043688092,0.48515385658753885,-0.46074213488542637,0.34827503988688746
LSTM_KAN,2,Algae_Sum,val,0.44357775245487996,0.36342772275821766,-0.18933892467153468,0.3550699357856678
LSTM_KAN,3,Green_Algae,val,1.0477650614733311,0.8535430669085857,0.010596396779433692,0.2748367056647224
LSTM_KAN,3,Cyanobacteria,val,0.40969696961446533,0.31918010580525424,0.008552153838834786,0.2592243665122894
LSTM_KAN,3,Diatoms,val,1.2210444031743772,0.9156093656513808,0.22277358095449995,0.30948111687103863
LSTM_KAN,3,Cryptophyta,val,0.6436742825593698,0.523903588184941,-0.8227388825354733,0.2147449460471984
LSTM_KAN,3,Algae_Sum,val,0.5211430124698747,0.4376553891672443,-0.6523390449321351,0.141963918140246
LSTM_KAN,1,Green_Algae,test,3.641556957581218,3.145009709810358,-2.0960473497184307,-1.9145161294306052
LSTM_KAN,1,Cyanobacteria,test,0.4031506234156581,0.3232175714205047,0.3829946610377497,0.3755784842201316
LSTM_KAN,1,Diatoms,test,0.7773519635096192,0.5788421938461732,0.22683463308081098,0.21413387277906604
LSTM_KAN,1,Cryptophyta,test,0.4282744151106125,0.31925628414323715,0.33308360061629116,0.48055541500230825
LSTM_KAN,1,Algae_Sum,test,0.3127003837545883,0.2507940345491829,0.5383560825824601,0.5182514675696054
LSTM_KAN,2,Green_Algae,test,3.785249919239028,3.2954625590093647,-2.291598193447882,-2.019346691913279
LSTM_KAN,2,Cyanobacteria,test,0.47028585181188526,0.38223727184424516,0.17197077457569787,0.21100647490289437
LSTM_KAN,2,Diatoms,test,0.903987946024806,0.6679947883157068,-0.04449945039719139,0.06778099215880551
LSTM_KAN,2,Cryptophyta,test,0.5042982103514133,0.3828692244010443,0.08847613317157343,0.3007167030619713
LSTM_KAN,2,Algae_Sum,test,0.3932064189921474,0.3171505686135291,0.28407320567511785,0.31191474515086826
LSTM_KAN,3,Green_Algae,test,3.6723065567230218,3.1295134578674926,-2.1130267458406737,-1.837986995504357
LSTM_KAN,3,Cyanobacteria,test,0.5135698066908977,0.4177051225913103,0.023871765802204514,0.09729522233529964
LSTM_KAN,3,Diatoms,test,0.9089604224972919,0.6734401405437873,-0.056314003425374626,0.057695913874280635
LSTM_KAN,3,Cryptophyta,test,0.5677280137098387,0.4306145412220836,-0.15709137524715566,0.15293035687868262
LSTM_KAN,3,Algae_Sum,test,0.45165079777245415,0.3615033837593114,0.06573753421830686,0.10923020188057653
