date,Algae_Total,Algae_Sum,Algae_diff
2020-09-28,7.623931933,7.632795076,-0.008863143000000129
2020-09-29,7.415068791,7.423417813,-0.008349021999999984
2020-09-30,7.489231884,7.49692029,-0.007688406000000647
2020-10-01,7.904337437,7.908950036,-0.00461259900000055
2020-10-02,6.742396814,6.747530774,-0.005133960000000215
2020-10-03,10.78163043,10.783246376,-0.0016159459999993686
2020-10-04,12.90523534,12.906372194,-0.0011368539999985217
2020-10-05,15.65427641,15.655484805,-0.001208395000000806
2020-10-06,16.30229378,16.302879884000003,-0.0005861040000034734
2020-10-07,14.70364689,14.704015919,-0.00036902899999979866
2020-10-08,10.98897974,10.989826338,-0.0008465980000007534
2020-10-09,12.97431983,12.97484081,-0.0005209799999992271
2020-10-10,13.24068017,13.24049204,0.000188129999999731
2020-10-11,20.06029689,20.061288924000003,-0.000992034000002917
2020-10-12,17.88018827,17.881180304,-0.0009920339999993644
2020-10-13,11.86083273,11.861122374,-0.0002896440000004219
2020-10-14,11.49464156,11.494453295000001,0.00018826499999846646
2020-10-15,20.5738378,20.573352643,0.0004851569999999583
2020-10-16,29.20559801,21.712448734000002,7.493149275999997
2020-10-17,16.45325851,16.454561911000003,-0.0013034010000012586
2020-10-18,8.205401883,8.205358436000001,4.3446999999474656e-05
2020-10-19,11.589233,11.589392185,-0.00015918499999934
2020-10-20,15.43407381,15.435571634999999,-0.0014978249999995086
2020-10-21,12.70489146,12.704811866,7.959400000068229e-05
2020-10-22,13.15922576,13.15897974,0.00024602000000051305
2020-10-23,8.932092686,8.932947139000001,-0.0008544530000005324
2020-10-24,8.581591896,8.581881332,-0.0002894359999991991
2020-10-25,7.188632417,7.1895441380000005,-0.0009117210000004761
2020-10-26,9.143852281,9.14372194,0.00013034099999842397
2020-10-27,10.23743103,10.237603448,-0.0001724180000000075
2020-10-28,15.51982634,15.520253255999998,-0.0004269159999985561
2020-10-29,20.66452732,20.664258457000003,0.0002688629999987313
2020-10-30,24.25009413,21.884105923,2.365988207000001
2020-10-31,12.07289436,12.073075252999999,-0.0001808929999995712
2020-11-01,14.82021951,14.822073171,-0.001853661000000173
2020-11-02,13.78952209,13.792085446000002,-0.002563356000001349
2020-11-03,9.761173063,9.761375814,-0.00020275100000155533
2020-11-04,9.37924663,9.380658208,-0.0014115779999990252
2020-11-05,7.662787835,7.664757423,-0.001969588000000577
2020-11-06,10.6529399,10.652831281,0.00010861900000058711
2020-11-07,17.50112962,17.50096307,0.00016654999999943243
2020-11-08,7.677586957,7.677644928,-5.797100000037858e-05
2020-11-09,6.483517041,6.484938361,-0.0014213200000003923
2020-11-10,5.921969477,5.922790699,-0.0008212219999998993
2020-11-11,6.35775762,6.358069666,-0.00031204599999945515
2020-11-12,7.032715328,7.033240876,-0.0005255479999997092
2020-11-13,7.359529412,7.359661765,-0.00013235300000058459
2020-11-14,9.074400888,9.074903847,-0.0005029590000003026
2020-11-15,8.515833333,8.515803571,2.9762000000488342e-05
2020-11-16,13.41807635,13.417889222,0.00018712800000031393
2020-11-17,15.10199546,15.102305367,-0.0003099070000001092
2020-11-18,14.95660076,14.956821291999999,-0.00022053199999838569
2020-11-19,26.78711553,18.823247558,7.963867972000003
2020-11-20,19.84976408,16.920608659,2.929155421000001
2020-11-21,16.27276417,15.183918695000001,1.0888454749999976
2020-11-22,17.12934934,15.901703530999999,1.227645809000002
2020-11-23,11.16620936,11.166391753,-0.00018239299999933678
2020-11-24,10.6020219,10.601810218999999,0.0002116810000014624
2020-11-25,9.785380477,9.785564950000001,-0.0001844730000009065
2020-11-26,16.6668741,16.66918958,-0.0023154800000000364
2020-11-27,11.0136686,11.014211286999998,-0.0005426869999975992
2020-11-28,8.998791606,8.998740955,5.065099999868039e-05
2020-11-29,9.22975398,9.229913169,-0.00015918899999967095
2020-11-30,4.986859624,4.991193922,-0.004334297999999848
2020-12-01,4.628262129,4.633048515,-0.004786385999999254
2020-12-02,5.110730825,5.113306802,-0.002575977000000229
2020-12-03,4.568921852,4.570137482000001,-0.0012156300000008002
2020-12-04,5.052315485,5.05251809,-0.00020260500000013337
2020-12-05,4.203683068,4.204797396,-0.0011143279999998867
2020-12-06,4.315296671,4.318849493000001,-0.003552822000001399
2020-12-07,4.560695148,4.563895727999999,-0.0032005799999996754
2020-12-08,4.395626358,4.397458363,-0.0018320049999998034
2020-12-09,6.296010138,6.298979001000001,-0.0029688630000013205
2020-12-10,5.483070239,5.4832078200000005,-0.00013758100000060836
2020-12-11,3.929522085,3.9297248369999997,-0.0002027519999998617
2020-12-12,6.609732078,6.609797248,-6.516999999917061e-05
2020-12-13,14.36445329,14.367907314,-0.0034540239999998334
2020-12-14,4.815318379,4.815441388,-0.00012300900000017378
2020-12-15,4.246266281,4.248408104999999,-0.002141823999999737
2020-12-16,4.283285094,4.285730825,-0.0024457309999998955
2020-12-17,4.113359884,4.113128167,0.00023171700000013118
2020-12-18,3.996148492,3.9961794280000005,-3.093600000037e-05
2020-12-19,4.648668596,4.648863965,-0.0001953690000000563
2020-12-20,5.334037627,5.334442836,-0.000405209000000184
2020-12-21,5.617675597,5.618892108,-0.0012165109999999757
2020-12-22,5.474525706,5.47512672,-0.0006010139999998998
2020-12-23,7.774202899,7.776384059,-0.0021811600000001263
2020-12-24,7.445604634,7.445800145000001,-0.00019551100000025912
2020-12-25,6.07192614,6.07173787,0.00018827000000065652
2020-12-26,6.178262129,6.178095583,0.00016654599999998965
2020-12-27,6.909992759,6.910050689,-5.793000000053894e-05
2020-12-28,18.22307024,18.225532223000002,-0.0024619830000034426
2020-12-29,17.41435712,16.772172499,0.6421846209999984
2020-12-30,16.60564399,16.605730825000002,-8.683500000117306e-05
2020-12-31,16.38497829,16.387156295,-0.002178005000001093
2021-01-01,8.856801737,8.856910275,-0.00010853800000099056
2021-01-02,5.316886314,5.317566981,-0.0006806670000001347
2021-01-03,4.767452967,4.7676193929999995,-0.00016642599999983076
2021-01-04,4.2508979,4.252657495,-0.0017595950000002247
2021-01-05,4.121839247,4.122570601,-0.0007313540000000174
2021-01-06,5.598254888,5.599116583000001,-0.0008616950000011059
2021-01-07,7.610079652,7.615213613,-0.005133961000000298
2021-01-08,4.041463981,4.043408211,-0.0019442300000003243
2021-01-09,3.711693198,3.713740954,-0.002047756000000067
2021-01-10,3.415151954,3.4148769889999997,0.00027496500000046
2021-01-11,3.661918899,3.662983346,-0.0010644470000000794
2021-01-12,5.292713459,5.297778581999999,-0.005065122999999616
2021-01-13,6.056801737,6.0590448630000004,-0.0022431260000006503
2021-01-14,6.556492375,6.557523603,-0.001031227999999551
2021-01-15,6.034779146,6.0352860239999995,-0.0005068779999994888
2021-01-16,6.226879073,6.230919623,-0.004040550000000032
2021-01-17,7.319008683,7.329218523,-0.010209839999999915
2021-01-18,7.221620839,7.228169319000001,-0.006548480000001078
2021-01-19,6.790180897,6.791013024,-0.0008321269999997938
2021-01-20,9.552908828,9.55519537,-0.0022865420000002246
2021-01-21,12.56553546,12.568437048,-0.002901588000000288
2021-01-22,13.08782766,13.088609704,-0.0007820439999992601
2021-01-23,16.69819826,16.701107090999997,-0.0029088309999956152
2021-01-24,11.10741679,11.107178003000001,0.00023878699999890785
2021-01-25,13.18467367,13.185078769,-0.00040509899999996435
2021-01-26,14.30910275,14.309341534,-0.00023878400000043598
2021-01-27,18.98062952,17.447178002999998,1.5334515170000032
2021-01-28,12.75143994,12.752337191999999,-0.000897251999999682
2021-01-29,14.50222865,14.503437049,-0.0012083990000011369
2021-01-30,14.99267728,14.994356006,-0.0016787259999997417
2021-01-31,12.60813179,12.609326574999999,-0.0011947849999991433
2021-02-01,11.90849385,11.91108617,-0.0025923200000015356
2021-02-02,11.05314989,11.054590877,-0.0014409870000005043
2021-02-03,9.519847936,9.520514120000001,-0.0006661840000017349
2021-02-04,10.50772629,10.508160753,-0.00043446299999949645
2021-02-05,10.67649547,10.678330815999999,-0.001835345999998239
2021-02-06,10.05244026,10.053758146,-0.001317886000000712
2021-02-07,9.093685735,9.094974656,-0.0012889210000004425
2021-02-08,9.737719044,9.740883417000001,-0.0031643730000006087
2021-02-09,11.10975291,11.113655523999999,-0.0039026139999993603
2021-02-10,13.78489855,13.788543479,-0.003644929000000019
2021-02-11,9.670086894,9.672534395,-0.0024475009999989084
2021-02-12,9.082671977,9.084822592000002,-0.0021506150000014657
2021-02-13,21.48588704,17.50808679566667,3.9778002443333307
2021-02-14,14.73060058,13.146946454333328,1.5836541256666727
2021-02-15,11.41644718,11.41910275,-0.0026555699999999405
2021-02-16,11.97787265,11.980311144000002,-0.002438494000001512
2021-02-17,11.24308973,11.245926195,-0.002836464999999677
2021-02-18,7.978357453,7.980036179,-0.0016787259999997417
2021-02-19,9.42084058,9.421471015,-0.0006304349999997072
2021-02-20,7.990282404,7.9917595939999995,-0.00147718999999924
2021-02-21,8.246157742,8.249001447,-0.002843705000000085
2021-02-22,7.806002896,7.808769008,-0.002766111999999765
2021-02-23,8.055727734,8.060868935,-0.005141201000000706
2021-02-24,7.215850833,7.221506154,-0.00565532099999988
2021-02-25,9.202181159,9.2095,-0.00731884100000002
2021-02-26,9.871892676,9.879593909,-0.007701233000000585
2021-02-27,8.827705754,8.833721777,-0.006016022999999038
2021-02-28,8.009723881,8.014358209,-0.004634327999999854
2021-03-01,6.054636704,6.058681648,-0.004044944000000328
2021-03-02,6.405721694,6.410345722000001,-0.00462402800000028
2021-03-03,8.814218524,8.819652678,-0.005434154000001357
2021-03-04,6.285759768,6.293024603,-0.0072648349999999695
2021-03-05,3.000267728,3.008306802,-0.008039074000000035
2021-03-06,1.618154848,1.633755427,-0.015600579000000003
2021-03-07,1.612286541,1.6282778580000001,-0.015991317000000116
2021-03-08,2.256835626,2.26762491,-0.010789283999999899
2021-03-09,2.454797395,2.464934876,-0.010137481000000115
2021-03-10,3.694790159,3.7003835009999997,-0.005593341999999613
2021-03-11,6.66431259,6.667532561,-0.0032199710000000437
2021-03-12,10.26037627,10.264775688,-0.00439941800000021
2021-03-13,19.44224313,19.44617945,-0.003936319999997551
2021-03-14,12.75926918,12.759681619999999,-0.000412439999998071
2021-03-15,12.02817656,12.029479016,-0.0013024559999994523
2021-03-16,9.744862518,9.745130246,-0.00026772800000074426
2021-03-17,7.773856729,7.774985528,-0.0011287989999999581
2021-03-18,7.262995658,7.267561506,-0.004565847999999484
2021-03-19,5.629500724,5.630832127000001,-0.001331403000000897
2021-03-20,5.564732272,5.568668594999999,-0.003936322999999575
2021-03-21,4.513473227,4.523111433,-0.009638205999999983
2021-03-22,3.012525326,3.023784371,-0.011259045000000079
2021-03-23,2.563316437,2.5734902249999996,-0.010173787999999462
2021-03-24,2.918190255,2.923789636,-0.005599381000000125
2021-03-25,2.803708273,2.81170537,-0.007997097000000064
2021-03-26,3.005260492,3.010434154,-0.005173661999999801
2021-03-27,3.838175235,3.842628529,-0.004453294000000163
2021-03-28,6.895394642,6.8959232429999995,-0.0005286009999991848
2021-03-29,13.45698769,13.461354091,-0.004366401000000408
2021-03-30,18.83889935,17.31765146333333,1.5212478866666679
2021-03-31,18.75377001,17.39106503366667,1.3627049763333297
2021-04-01,14.77624909,14.776763215000003,-0.0005141250000022524
2021-04-02,12.92559015,12.928406952,-0.002816801999999896
2021-04-03,11.81076032,11.81307748,-0.0023171600000004844
2021-04-04,8.525351195,8.532172339,-0.00682114399999989
2021-04-05,6.305557164,6.3151808979999995,-0.009623733999999828
2021-04-06,6.060984081,6.069522431999999,-0.008538350999999444
2021-04-07,6.593685735,6.602744388,-0.009058652999999417
2021-04-08,6.330875543,6.337952243,-0.007076699999999825
2021-04-09,5.647872648,5.653950795,-0.0060781470000002
2021-04-10,5.891085384,5.894413892,-0.0033285080000000633
2021-04-11,7.028552822,7.03086107,-0.0023082480000002903
2021-04-12,13.45708182,13.461730631,-0.004648810999999142
2021-04-13,14.72849385,14.730738594999998,-0.0022447449999987157
2021-04-14,15.17146271,15.172215785999999,-0.0007530759999987424
2021-04-15,27.90191166,13.776917768,14.124993891999999
2021-04-16,13.47560594,13.478326819000001,-0.0027208790000017302
2021-04-17,17.95368573,17.960876173000003,-0.007190443000002489
2021-04-18,13.17687183,13.178812454,-0.0019406239999995023
2021-04-19,12.05515568,12.057458364,-0.0023026839999999993
2021-04-20,11.88976104,11.892881970000001,-0.003120930000001465
2021-04-21,12.0184866,12.019044171,-0.0005575710000016443
2021-04-22,14.97362056,14.975032585000001,-0.001412025000000483
2021-04-23,16.36704562,16.368479363000002,-0.001433743000003318
2021-04-24,15.86440261,15.866010137,-0.0016075269999991093
2021-04-25,21.99416365,21.996444605,-0.002280954999999807
2021-04-26,17.9539508,17.954536904,-0.0005861039999999207
2021-04-27,14.36507236,14.370810420000002,-0.005738060000002321
2021-04-28,8.966772793,8.976743851,-0.009971057999999644
2021-04-29,6.025311143,6.032525324999999,-0.007214181999999347
2021-04-30,6.120998553,6.122561505000001,-0.0015629520000013386
2021-05-01,13.05287988,13.055282199,-0.002402318999999764
2021-05-02,15.77103473,15.771374819,-0.00034008899999982134
2021-05-03,17.00618663,17.007024244,-0.0008376140000017074
2021-05-04,9.338982536,9.33977221,-0.0007896739999999625
2021-05-05,9.400885023,9.400839637,4.538600000003612e-05
2021-05-06,11.73365471,11.735044843,-0.0013901330000010148
2021-05-07,11.62478395,11.625895061000001,-0.0011111110000019409
2021-05-08,16.67600318,16.680350322000002,-0.004347142000003856
2021-05-09,22.49001447,22.493617941,-0.00360347100000169
2021-05-10,16.52032562,16.525246019,-0.00492039899999952
2021-05-11,25.29261939,18.971342253000003,6.321277136999996
2021-05-12,26.97001447,21.865564402,5.1044500679999985
2021-05-13,29.38000724,21.909088279000002,7.470918960999999
2021-05-14,18.59640376,18.595933428,0.00047033200000257125
2021-05-15,16.45191751,16.45210564,-0.00018812999999795466
2021-05-16,12.46817656,12.469891461,-0.0017149009999997133
2021-05-17,11.85104197,11.853444284000002,-0.0024023140000011267
2021-05-18,12.90041245,12.899963820999998,0.0004486290000009774
2021-05-19,10.86202752,10.863084721,-0.0010572010000000631
2021-05-20,11.79195369,11.793205499,-0.0012518090000011028
2021-05-21,10.93223589,10.932503618000002,-0.0002677280000025206
2021-05-22,14.62744388,14.627393193,5.068699999988269e-05
2021-05-23,13.45615496,13.4598769,-0.0037219400000001457
2021-05-24,18.74377713,18.745738065999998,-0.0019609359999961384
2021-05-25,12.44767728,12.448502171,-0.0008248909999988285
2021-05-26,11.57366136,11.574565847,-0.0009044870000014527
2021-05-27,18.79989146,18.803458757999998,-0.003567297999996555
2021-05-28,30.00017652,22.238157084,7.762019435999999
2021-05-29,21.28761939,21.290738060000002,-0.0031186700000027656
2021-05-30,10.0176411,10.020926194000001,-0.0032850940000006545
2021-05-31,7.051535119,7.060412744,-0.008877624999999334
2021-06-01,10.49589428,10.506314263999998,-0.01041998399999855
2021-06-02,9.191506155,9.20173063,-0.010224474999999345
2021-06-03,6.921904417,6.931745113,-0.009840695999999483
2021-06-04,8.314532947,8.324532947,-0.009999999999999787
2021-06-05,7.733178856,7.743164373,-0.00998551699999961
2021-06-06,8.009724837,8.018363504,-0.0086386669999996
2021-06-07,9.921859624,9.928958031999999,-0.007098407999999168
2021-06-08,13.74384949,13.749261939,-0.005412448999999597
2021-06-09,8.661577424,8.666302461,-0.004725037000000043
2021-06-10,10.03361795,10.037793053,-0.00417510299999968
2021-06-11,12.12203329,12.125079595999999,-0.0030463059999998876
2021-06-12,18.20921072,18.209587254,-0.0003765339999972639
2021-06-13,30.5816365,24.054713974000002,6.526922525999996
2021-06-14,23.00211441,23.00212889,-1.4480000000816062e-05
2021-06-15,31.96731761,22.791175813833327,9.176141796166672
2021-06-16,31.23793832,24.818868708666667,6.4190696113333345
2021-06-17,30.50855902,22.894385612999997,7.614173407000003
2021-06-18,25.64664223,22.64394864633333,3.0026935836666695
2021-06-19,22.62076032,20.48763500216667,2.133125317833329
2021-06-20,21.67378261,21.675608697999998,-0.0018260879999978386
2021-06-21,12.94307525,12.946020260000001,-0.002945010000001247
2021-06-22,9.034965278,9.037994791000001,-0.003029513000001316
2021-06-23,9.579153401,9.579232996,-7.959500000076503e-05
2021-06-24,8.664826339,8.665709117,-0.0008827780000011387
2021-06-25,9.338314038,9.339312589999999,-0.0009985519999986536
2021-06-26,8.251410999,8.252894356,-0.0014833569999996854
2021-06-27,19.65841534,19.66366136,-0.005246019999997742
2021-06-28,30.73459812,25.989393893,4.745204227000002
2021-06-29,26.27138205,24.721490099,1.5498919509999993
2021-06-30,18.81708738,18.818155336,-0.001067955999999981
2021-07-01,17.8531042,17.853379164,-0.00027496399999904497
2021-07-02,20.01183333,20.012210145,-0.00037681499999919765
2021-07-03,24.68549928,24.686244578,-0.0007452980000017817
2021-07-04,17.38403039,17.383994211999998,3.6178000001996224e-05
2021-07-05,24.25771346,24.257756875000002,-4.341500000037968e-05
2021-07-06,21.03905141,21.03981897,-0.0007675599999998894
2021-07-07,18.13720492,18.13955105,-0.002346130000002944
2021-07-08,19.12818841,19.128239134,-5.0724000001167724e-05
2021-07-09,9.257550725,9.262927536,-0.005376810999999648
2021-07-10,10.34543085,10.348993483,-0.003562632999999593
2021-07-11,10.15242578,10.155517741,-0.0030919610000008646
2021-07-12,12.31613603,12.318907379999999,-0.002771349999999728
2021-07-13,11.36910275,11.372228654999999,-0.0031259049999992072
2021-07-14,22.57560463,11.732796804,10.842807826000001
2021-07-15,26.25574009,13.027315593,13.228424496999999
2021-07-16,29.93587554,13.275452404000001,16.660423136
2021-07-17,29.14519899,13.03615072,16.109048270000002
2021-07-18,28.35452243,12.048766549,16.305755881
2021-07-19,23.28674149,12.207481581,11.079259909000001
2021-07-20,11.36172339,11.366654598,-0.004931208000000353
2021-07-21,8.350644461,8.354728457,-0.004083996000000312
2021-07-22,9.266821144,9.270456191,-0.0036350469999995028
2021-07-23,17.47052136,17.472650254999998,-0.002128894999998465
2021-07-24,23.94981173,23.949869658999997,-5.7928999996903485e-05
2021-07-25,22.02715424,22.027241135,-8.689499999903205e-05
2021-07-26,19.46160637,19.462098407,-0.0004920370000007779
2021-07-27,16.01509407,16.015861071,-0.0007670009999998229
2021-07-28,10.79672214,10.804580318000001,-0.007858178000001104
2021-07-29,11.94212012,11.944978293,-0.0028581729999999084
2021-07-30,11.57283852,11.576705287,-0.003866766999999882
2021-07-31,13.80916064,13.812452965999999,-0.0032923259999986243
2021-08-01,16.95293777,16.95693198,-0.003994210000001885
2021-08-02,19.79322954,19.797146999000002,-0.003917459000003731
2021-08-03,14.18129616,14.188182476000001,-0.006886316000001003
2021-08-04,10.73699493,10.74525706,-0.008262130000000312
2021-08-05,10.24670529,10.256741492000002,-0.010036202000001992
2021-08-06,13.44576394,9.348004071,4.097759869000001
2021-08-07,9.647280638,9.657215374,-0.009934735999999944
2021-08-08,7.860558781,7.870428156999999,-0.009869375999999264
2021-08-09,7.930094135,7.937733527,-0.007639391999999745
2021-08-10,6.529775687,6.537908827,-0.008133139999999983
2021-08-11,7.683125904,7.691345875,-0.008219970999999937
2021-08-12,9.694167873,9.700195370000001,-0.006027497000001603
2021-08-13,8.755436975,8.763865546000002,-0.008428571000001384
2021-08-14,14.35650738,14.363770634,-0.007263253999999719
2021-08-15,19.76539626,19.76839715,-0.0030008899999991456
2021-08-16,14.7926647,14.797128809999998,-0.004464109999998911
2021-08-17,13.51549947,13.52168244,-0.006182969999999344
2021-08-18,16.5447852,16.551443914,-0.006658714000000288
2021-08-19,19.1492123,19.159173873999997,-0.009961573999998308
2021-08-20,17.44749383,17.454345682,-0.006851852000000491
2021-08-21,14.43493606,14.43774936,-0.0028132999999996855
2021-08-22,24.4366241,24.444852352999998,-0.008228252999998631
2021-08-23,23.64866716,23.654214447,-0.005547287000002399
2021-08-24,20.17042274,20.174358604000002,-0.003935864000002454
2021-08-25,23.56687183,23.570362061,-0.0034902310000006764
2021-08-26,22.16101376,22.16360608,-0.0025923200000015356
2021-08-27,20.88792754,20.88826087,-0.0003333300000001316
2021-08-28,18.4588559,17.964090751,0.4947651489999991
2021-08-29,15.91853729,15.920398261999999,-0.0018609719999993501
2021-08-30,13.90198407,13.904685011,-0.002700941000000512
2021-08-31,11.62563676,11.628219972,-0.0025832119999993353
2021-09-01,9.601657019,9.60549204,-0.003835021000000438
2021-09-02,8.237445731,8.241237337000001,-0.003791606000001835
2021-09-03,6.932366136,6.937590447999999,-0.005224311999999287
2021-09-04,8.666396527,8.669406657,-0.0030101299999998332
2021-09-05,9.811367583,9.813335744,-0.0019681610000006344
2021-09-06,7.525600579,7.531425471,-0.005824892000000581
2021-09-07,6.978479363,6.9838450409999995,-0.005365677999999541
2021-09-08,7.13313314,7.138234443,-0.0051013030000000015
2021-09-09,13.07113603,13.072076699999998,-0.0009406699999985335
2021-09-10,12.83503618,12.837380608,-0.0023444280000006756
2021-09-11,15.99772793,16.002105645,-0.004377715000000393
2021-09-12,22.35442836,17.83502683,4.51940153
2021-09-13,14.48294714,14.486676321000001,-0.0037291810000006365
2021-09-14,13.53246198,13.532389573000001,7.240699999933042e-05
2021-09-15,9.928037654,9.934141926999999,-0.0061042729999982726
2021-09-16,8.622722665,8.631086169,-0.008363504000000077
2021-09-17,6.432056481,6.440637218999999,-0.008580737999999144
2021-09-18,5.282889211,5.292396814,-0.009507603000000309
2021-09-19,5.913265749,5.922165098,-0.008899349
2021-09-20,5.682700941,5.691839246,-0.00913830499999957
2021-09-21,4.652107169,4.662005794,-0.009898624999999939
2021-09-22,6.149138306,6.15749457,-0.008356263999999669
2021-09-23,6.017014493,6.025652175,-0.008637682000000702
2021-09-24,5.523642288,5.532700941999999,-0.0090586539999995
2021-09-25,5.149732078,5.1589138310000004,-0.009181753000000015
2021-09-26,5.322143374,5.330977553,-0.008834178999999942
2021-09-27,5.409094859,5.418769007000001,-0.009674148000001104
2021-09-28,5.263664012,5.273323679,-0.009659667000000205
2021-09-29,5.523215062,5.532157857,-0.008942794999999393
2021-09-30,6.433540912,6.442237509,-0.00869659700000014
2021-10-01,5.021940623,5.030890658000001,-0.008950035000000689
2021-10-02,4.30742268,4.317036083,-0.009613402999999465
2021-10-03,4.988796682,4.889657251999999,0.09913943000000103
2021-10-04,5.362150987,5.293691593,0.06845939399999956
2021-10-05,5.735505292,5.697725936,0.03777935599999971
2021-10-06,6.108859596,6.1017602769999995,0.0070993190000008255
2021-10-07,6.482213901,6.5057946200000005,-0.023580719000000805
2021-10-08,6.855568205,6.909828961,-0.05426075599999969
2021-10-09,7.22892251,7.313863303000001,-0.08494079300000035
2021-10-10,7.602276814,7.717897645,-0.1156208310000002
2021-10-11,7.975631119,8.121931988,-0.14630086900000006
2021-10-12,8.500642023,8.509280156,-0.008638133000001602
2021-10-13,7.930890659,7.937523533999999,-0.006632874999999316
2021-10-14,7.971093411,7.977364229999999,-0.00627081899999915
2021-10-15,15.22167994,15.226335988,-0.0046560480000010784
2021-10-16,16.43280232,16.438095584,-0.005293263999998743
2021-10-17,8.288217391,8.294557971,-0.006340579999999818
2021-10-18,7.746403763,7.7521273520000005,-0.005723589000000473
2021-10-19,7.254457308,7.25991317,-0.0054558619999998115
2021-10-20,6.635441389,6.640969609000001,-0.005528220000000417
2021-10-21,6.666367583,6.667091172,-0.0007235889999996914
2021-10-22,5.920824891,5.925296671,-0.004471780000000258
2021-10-23,5.485086831,5.490354559000001,-0.005267728000000638
2021-10-24,5.612467438,5.617872648,-0.005405209999999272
2021-10-25,5.629949312,5.634844316000001,-0.004895004000000647
2021-10-26,6.680709117,6.683892909,-0.003183791999999741
2021-10-27,12.03727207,12.037206946000001,6.512399999891727e-05
2021-10-28,19.98774964,17.69019536866667,2.297554271333329
2021-10-29,22.56503618,18.62484080933333,3.940195370666668
2021-10-30,13.5788712,13.580151954,-0.0012807539999997175
2021-10-31,11.19263386,11.194544138,-0.0019102779999986552
2021-11-01,10.46229378,10.462178003,0.0001157769999995395
2021-11-02,12.22955861,12.232648335,-0.0030897250000005982
2021-11-03,15.58698263,15.586939218,4.3412000000131457e-05
2021-11-04,10.78176556,10.781874096000001,-0.00010853600000082508
2021-11-05,5.887821997,5.8879956579999995,-0.0001736609999998251
2021-11-06,7.307749638,7.308914615999999,-0.0011649779999993726
2021-11-07,9.766386676,9.767588704000001,-0.001202028000001576
2021-11-08,10.09397974,10.094160637,-0.00018089699999990216
2021-11-09,8.241874096,8.241852388,2.170800000023121e-05
2021-11-10,8.868899348,8.870050688,-0.0011513399999998342
2021-11-11,6.389884226,6.389978292,-9.406599999994825e-05
2021-11-12,5.15878349,5.160637218,-0.0018537279999994993
2021-11-13,5.575021708,5.5793632419999994,-0.0043415339999990366
2021-11-14,4.646070912,4.651657018,-0.00558610599999998
2021-11-15,4.548884866,4.554149165999999,-0.005264299999999444
2021-11-16,5.017574222,5.022404054,-0.004829831999999534
2021-11-17,4.624801795,4.627307405,-0.002505610000000047
2021-11-18,4.372211982,4.374101382,-0.0018894000000004851
2021-11-19,3.929254164,3.936705286,-0.007451121999999977
2021-11-20,4.136806662,4.143953656,-0.007146994000000184
2021-11-21,5.238689356,5.242534395000001,-0.0038450390000006607
2021-11-22,5.550390738,5.55345152,-0.0030607820000003727
2021-11-23,3.922257598,3.929681621,-0.007424023000000002
2021-11-24,3.957879884,3.962843705,-0.004963821000000035
2021-11-25,3.90301231,3.9074221579999997,-0.004409847999999883
2021-11-26,4.036208394,4.043017366,-0.006808971999999969
2021-11-27,4.346208394,4.352083936,-0.005875542000000067
2021-11-28,4.662402315,4.666801737,-0.004399422000000541
2021-11-29,5.426915279,5.431339609,-0.004424329999999976
2021-11-30,7.178211441,7.180412744,-0.0022013029999996547
2021-12-01,7.412505431,7.416147718,-0.003642287000000799
2021-12-02,7.275206372,7.279623461999999,-0.00441708999999868
2021-12-03,6.839196235,6.841339609,-0.0021433740000000867
2021-12-04,5.822865412,5.8279667150000005,-0.00510130300000089
2021-12-05,5.983531114,5.98874819,-0.005217076000000098
2021-12-06,5.933696442,5.938620189000001,-0.0049237470000012
2021-12-07,5.534746744,5.536968162,-0.002221417999999531
2021-12-08,5.7,5.703488943999999,-0.0034889439999989946
2021-12-09,5.568524845,5.569293479,-0.0007686339999999348
2021-12-10,5.794153401,5.796338639000001,-0.002185238000000922
2021-12-11,6.791222865,6.791917511,-0.000694646000000354
2021-12-12,6.345655322,6.34756698,-0.0019116580000000383
2021-12-13,7.155730825,7.157062228,-0.0013314030000000088
2021-12-14,7.67475398,7.67512301,-0.0003690299999998814
2021-12-15,8.034728458,8.03545257,-0.000724112000000332
2021-12-16,8.288761767,8.290506879,-0.0017451120000000486
2021-12-17,7.853446778,7.857487327,-0.004040548999999949
2021-12-18,6.956531499,6.958754526,-0.0022230270000003216
2021-12-19,7.077726285,7.078501086,-0.0007748010000003802
2021-12-20,6.382033285,6.386707670000001,-0.004674385000000392
2021-12-21,5.787829233,5.7970405210000004,-0.009211288000000373
2021-12-22,8.398162084,8.401562953,-0.003400868999998252
2021-12-23,9.850043415,9.853842258,-0.0037988430000002182
2021-12-24,13.00424747,10.479890387000001,2.524357082999998
2021-12-25,6.797043478,6.798920290999999,-0.001876812999999089
2021-12-26,6.169703329,6.171302461,-0.0015991319999999476
2021-12-27,5.867432922,5.8687092100000005,-0.0012762880000005694
2021-12-28,6.485838192,6.487157435,-0.001319243000000192
2021-12-29,5.502725948,5.502660351,6.55969999998618e-05
2021-12-30,5.987575977,5.989515196,-0.0019392190000004916
2021-12-31,5.273223388,5.273118440000001,0.00010494799999882787
2022-01-01,5.046613603,5.046230102,0.0003835009999999528
2022-01-02,4.418921852,4.41869754,0.00022431200000028184
2022-01-03,5.029985518,5.02980449,0.000181028000000083
2022-01-04,6.571419261,6.571209268,0.00020999300000035248
2022-01-05,13.3977118,13.401752353000001,-0.004040553000001168
2022-01-06,11.24321868,10.879634324000001,0.3635843559999987
2022-01-07,9.088725561,9.090658944000001,-0.0019333830000007879
2022-01-08,12.60692976,12.607740767000001,-0.0008110070000011405
2022-01-09,9.901006517,9.901173063,-0.00016654599999910147
2022-01-10,13.24494935,13.245795947000001,-0.0008465970000006706
2022-01-11,15.00141823,15.001736614,-0.00031838399999983835
2022-01-12,7.81248191,7.8122503619999994,0.0002315480000003589
2022-01-13,5.096780029,5.096939217999999,-0.00015918899999967095
2022-01-14,3.693801593,3.6971542360000003,-0.003352643000000377
2022-01-15,4.363285094,4.363386396000001,-0.0001013020000009135
2022-01-16,4.34565123,4.34581042,-0.00015919000000064187
2022-01-17,3.805821868,3.8066256329999995,-0.0008037649999992347
2022-01-18,5.269225199,5.271484431,-0.002259232000000111
2022-01-19,4.862056481,4.862215784999999,-0.00015930399999941613
2022-01-20,5.010934106,5.010955829,-2.1723000000584136e-05
2022-01-21,6.063178856,6.063280231,-0.00010137499999984811
2022-01-22,7.378196959,7.378160752,3.62069999999548e-05
2022-01-23,19.37753802,14.50192953,4.875608489999999
2022-01-24,14.93243126,14.932735166,-0.00030390600000096413
2022-01-25,17.40896015,15.17290008583333,2.2360600641666686
2022-01-26,19.88548904,15.91780780766667,3.96768123233333
2022-01-27,24.19381733,18.156307218,6.037510112000003
2022-01-28,22.2636962,18.664134148333332,3.599562051666666
2022-01-29,19.61525126,16.769812103166668,2.845439156833333
2022-01-30,15.78130319,15.783829786999998,-0.002526596999999242
2022-01-31,10.02576819,10.025390836,0.00037735400000116215
2022-02-01,7.953176471,7.953441176,-0.00026470500000019825
2022-02-02,8.796749311,8.797217630999999,-0.00046831999999952245
2022-02-03,6.864152174,6.864572464,-0.00042029000000010086
2022-02-04,8.426610909,8.426436364,0.00017454500000013695
2022-02-05,8.039623461,8.039782767,-0.0001593060000004698
2022-02-06,6.147733918,6.147426900999999,0.0003070170000007977
2022-02-07,6.857343173,6.8574464950000005,-0.00010332200000018332
2022-02-08,8.255976066,8.257711294,-0.001735227999999367
2022-02-09,7.34921673,7.349809886,-0.0005931559999998726
2022-02-10,7.84691311,7.848620426999999,-0.0017073169999992643
2022-02-11,6.727288136,6.7274345140000005,-0.0001463780000001691
2022-02-12,8.531499611,8.533123543,-0.0016239320000011048
2022-02-13,10.34537692,10.349507691000001,-0.004130771000001587
2022-02-14,8.165558982,8.167532768000001,-0.0019737860000006435
2022-02-15,8.174070933,8.175828836,-0.0017579030000014484
2022-02-16,8.891623616,8.894369004,-0.002745387999999238
2022-02-17,13.56363965,13.57114327,-0.0075036199999996
2022-02-18,24.65513025,14.202525326,10.452604924
2022-02-19,12.04431259,12.050332851,-0.006020260999999749
2022-02-20,7.611772793,7.611722142,5.065100000045675e-05
2022-02-21,5.732954381,5.733845041,-0.0008906600000004872
2022-02-22,5.127907314,5.131035482,-0.0031281679999999312
2022-02-23,5.156485849,5.166544811,-0.01005896199999956
2022-02-24,5.183794819,5.3882768,-0.2044819809999998
2022-02-25,5.163539679,5.35185407,-0.18831439099999958
2022-02-26,5.143284538,5.315431339,-0.17214680100000024
2022-02-27,5.123029397,5.279008609,-0.1559792120000001
2022-02-28,4.800264993,4.805104602,-0.0048396090000002445
2022-03-01,5.783916888,5.784173298,-0.0002564099999995406
2022-03-02,6.859446429,6.859910714,-0.00046428499999962014
2022-03-03,10.31006517,10.313598842,-0.0035336719999996546
2022-03-04,11.97486252,11.979428365,-0.004565845000000124
2022-03-05,16.46214906,16.470217075999997,-0.008068015999995737
2022-03-06,16.28680897,15.187589196,1.0992197739999998
2022-03-07,16.32567391,16.333485508,-0.007811597999999975
2022-03-08,10.42517017,10.426647357999999,-0.0014771879999990745
2022-03-09,8.777349747,8.779225199999999,-0.0018754529999984726
2022-03-10,8.965181422,8.968824383000001,-0.0036429610000006107
2022-03-11,14.5042132,14.514039158,-0.009825957999998636
2022-03-12,16.8972029,16.90665942,-0.009456520000000523
2022-03-13,24.20948588,21.53814738057143,2.6713384994285683
2022-03-14,24.61486595,21.98082885914286,2.634037090857138
2022-03-15,25.02024602,22.42365498171429,2.596591038285709
2022-03-16,25.20846479,21.75142438328571,3.4570404067142917
2022-03-17,25.39668356,21.23464774785714,4.162035812142861
2022-03-18,27.89597826,21.17211234342857,6.72386591657143
2022-03-19,27.18626087,21.231165797000003,5.955095072999999
2022-03-20,21.99612038,21.999630165,-0.003509784999998544
2022-03-21,15.38737871,15.387168719,0.000209991000000187
2022-03-22,14.11589855,14.115963767999999,-6.521799999781308e-05
2022-03-23,9.329652677,9.329580318000001,7.23589999989116e-05
2022-03-24,6.298052136,6.298544534,-0.0004923980000004491
2022-03-25,5.033099203,5.034185373,-0.0010861699999997754
2022-03-26,5.331766836,5.3350325849999995,-0.0032657489999996514
2022-03-27,8.053870733,8.063282498,-0.009411764999999406
2022-03-28,9.394435601,8.366514658,1.0279209429999998
2022-03-29,7.688994211,7.699059334,-0.010065123000000398
2022-03-30,5.932844244,5.943058691,-0.010214447000000071
2022-03-31,5.843338161,5.853019551000001,-0.009681390000000789
2022-04-01,6.467343977,6.477285922000001,-0.00994194500000134
2022-04-02,5.347527273,5.357694545,-0.010167272000000338
2022-04-03,4.637624909,4.647617668,-0.009992758999999296
2022-04-04,4.438320058,4.4466183930000005,-0.008298335000000101
2022-04-05,5.174581882,5.297857037,-0.12327515499999997
2022-04-06,5.349506889,5.350094272,-0.0005873830000000524
2022-04-07,6.922713459,6.923936324,-0.0012228649999999064
2022-04-08,9.899435192,9.900731354,-0.001296161999999157
2022-04-09,10.45732272,10.458248915,-0.0009261949999999075
2022-04-10,10.40572773,10.405611875,0.00011585500000066418
2022-04-11,13.1322996,13.0345005,0.09779909999999958
2022-04-12,14.90807899,14.912926392,-0.0048474019999993345
2022-04-13,19.21578566,19.223070239000002,-0.007284579000000235
2022-04-14,22.10929088,22.115846597,-0.006555717000001238
2022-04-15,17.03838006,17.048006231000002,-0.009626171000000738
2022-04-16,16.15914571,15.873260741,0.2858849690000014
2022-04-17,14.75704935,14.353712804,0.40333654600000024
2022-04-18,14.20777778,14.218640873,-0.010863092999999324
2022-04-19,8.382333333,8.38239855,-6.52169999995067e-05
2022-04-20,8.114236061,8.115785662,-0.0015496010000006777
2022-04-21,9.249476876,9.250902198999999,-0.0014253229999994232
2022-04-22,11.96426087,11.966702899000001,-0.0024420290000009004
2022-04-23,21.58751269,18.829271321,2.7582413690000003
2022-04-24,20.48989138,20.491672697,-0.0017813169999989498
2022-04-25,20.12359216,20.124477501,-0.0008853410000000395
2022-04-26,19.4239779266667,19.4881951043333,-0.06421717766659896
2022-04-27,18.7243636933333,20.57786564066667,-1.8535019473333705
2022-04-28,18.02474946,18.024887438,-0.00013797800000148186
2022-04-29,13.4709134,13.731323647,-0.2604102469999994
2022-04-30,6.805710145,6.807630435,-0.0019202900000001577
2022-05-01,5.543985507,5.545913044,-0.0019275369999993686
2022-05-02,4.521478261,4.527260869,-0.005782607999999634
2022-05-03,4.574224638,4.57689855,-0.0026739120000005556
2022-05-04,6.646905797,6.648478260999999,-0.0015724639999996626
2022-05-05,8.890021739,8.889710144,0.00031159499999944273
2022-05-06,16.51515591,16.515460479,-0.00030456900000075393
2022-05-07,18.79202174,18.791942029,7.971099999792841e-05
2022-05-08,17.99448582,16.12203743066667,1.8724483893333321
2022-05-09,17.19694989,15.63429755233333,1.5626523376666697
2022-05-10,8.938667632,8.94146995,-0.0028023180000005254
2022-05-11,6.650246377,6.652065216999999,-0.001818839999998545
2022-05-12,6.491106841,6.491114528000001,-7.687000000977662e-06
2022-05-13,7.845166667,7.85131884,-0.006152173000000261
2022-05-14,7.90723913,7.917521739,-0.010282608999999887
2022-05-15,7.543316437,7.553482982999999,-0.010166545999999776
2022-05-16,7.615094067,7.624797394,-0.00970332699999954
2022-05-17,6.062585083,6.072259233,-0.009674149999999493
2022-05-18,4.689499637,4.6991080499999995,-0.009608412999999594
2022-05-19,4.978444284,4.987698986,-0.009254701999999781
2022-05-20,7.151556843,7.154851557,-0.003294713999999921
2022-05-21,14.21761421,14.222451051,-0.004836840999999481
2022-05-22,9.075688406,9.076565216999999,-0.0008768109999994778
2022-05-23,8.514037627,8.515513749,-0.001476121999999691
2022-05-24,9.218616944,9.222708183,-0.004091238999999192
2022-05-25,5.803884058,5.8090362330000005,-0.005152175000000092
2022-05-26,5.734053662,5.737135605,-0.003081942999999754
2022-05-27,5.806099855,5.8157670040000005,-0.009667149000000208
2022-05-28,9.004518465,5.806324437,3.1981940280000005
2022-05-29,10.74851342,5.809222860999999,4.939290559000001
2022-05-30,9.170145033,7.21467678,1.9554682530000012
2022-05-31,8.887536232,8.897492753999998,-0.009956521999997747
2022-06-01,7.630081181,7.640295204,-0.010214022999999628
2022-06-02,6.418121827,6.428136331,-0.010014503999999924
2022-06-03,8.63004351,8.640116026,-0.010072515999999254
2022-06-04,10.53934783,10.549695653,-0.010347823000000034
2022-06-05,8.632954381,8.642954381,-0.009999999999999787
2022-06-06,7.173173913,7.183144926999999,-0.009971013999998668
2022-06-07,10.79504348,6.392664313,4.402379167
2022-06-08,13.56888406,4.962922829,8.605961231
2022-06-09,11.96411594,6.037123373,5.926992566999999
2022-06-10,9.230629522,6.273080381999999,2.9575491400000002
2022-06-11,7.136017379,7.147277335999999,-0.011259956999999154
2022-06-12,9.906150507,7.695536174,2.2106143329999997
2022-06-13,9.604170891,6.781855387,2.8223155040000005
2022-06-14,9.946896907,5.281289392,4.665607515
2022-06-15,9.970453401,5.140157325,4.830296076000001
2022-06-16,6.572004342,6.5858972499999995,-0.01389290799999987
2022-06-17,4.181700434,4.191758322000001,-0.010057888000001292
2022-06-18,2.928826087,2.936043478,-0.007217391000000184
2022-06-19,2.764655547,2.771841915,-0.007186368000000165
2022-06-20,2.404062274,2.411375814,-0.00731353999999973
2022-06-21,2.557581463,2.563359884,-0.0057784210000000336
2022-06-22,3.372331644,3.3818175239999997,-0.009485879999999725
2022-06-23,5.074334298,5.101063676,-0.02672937799999975
2022-06-24,4.777230189,4.7960226420000005,-0.018792453000000542
2022-06-25,5.365018103,5.372780594,-0.00776249100000026
2022-06-26,5.952346126,5.962020275,-0.009674149000000298
2022-06-27,5.853830558,5.862961622,-0.009131063999999967
2022-06-28,5.961823444,5.971693198,-0.009869753999999453
2022-06-29,6.122351234,6.132314949,-0.009963715000000484
2022-06-30,7.3108979,7.318971760000001,-0.008073860000001432
2022-07-01,6.909225199,6.9164663289999995,-0.007241129999999707
2022-07-02,6.489225199,6.4989790020000004,-0.009753803000000616
2022-07-03,6.229811867,6.239819103,-0.010007236000000752
2022-07-04,7.255800145,7.265778421,-0.009978276000000008
2022-07-05,6.515010862,6.525539465,-0.010528603000000025
2022-07-06,6.813005025,6.8227236190000005,-0.009718594000000635
2022-07-07,5.156516517,5.1665915909999995,-0.010075073999999518
2022-07-08,4.40253012,4.411893288,-0.009363168000000144
2022-07-09,4.424683301,4.431266794,-0.00658349299999994
2022-07-10,6.280629921,6.285866142000001,-0.0052362210000005405
2022-07-11,8.515247934,8.517830578,-0.0025826440000003004
2022-07-12,9.013768116,9.017681159,-0.003913043000000727
2022-07-13,9.124130435,9.129347825999998,-0.005217390999998628
2022-07-14,15.82735108,15.830316857,-0.0029657770000000028
2022-07-15,17.21507569,19.208460623999997,-1.993384933999998
2022-07-16,18.60280029,15.775274862,2.8275254280000013
2022-07-17,22.00673661,15.853436429,6.1533001810000005
2022-07-18,12.06124183,12.067487291,-0.006245461000000674
2022-07-19,6.373807107,6.383168962,-0.009361854999999863
2022-07-20,5.794542816,5.803258345,-0.008715528999999833
2022-07-21,4.746381436,4.756026106,-0.009644670000000133
2022-07-22,4.140881282,4.154537509,-0.013656227000000243
2022-07-23,5.973192111,5.983820306999999,-0.01062819599999898
2022-07-24,10.64543129,10.653442982000001,-0.008011692000001958
2022-07-25,4.80929761,4.821375815000001,-0.012078205000000786
2022-07-26,2.857691751,2.872033286,-0.014341535000000238
2022-07-27,3.803442029,3.8140724649999997,-0.010630435999999577
2022-07-28,4.369743041,4.379657387,-0.009914345999999519
2022-07-29,4.51375087,4.579815379000001,-0.06606450900000116
2022-07-30,4.733219833,4.78831019,-0.05509035700000009
2022-07-31,4.952688796,4.996805003,-0.044116207000000074
2022-08-01,5.172157758,5.205299813,-0.03314205499999989
2022-08-02,5.391626721,5.4137946239999994,-0.02216790299999971
2022-08-03,5.611095684,5.622289434,-0.011193749999999447
2022-08-04,5.830564647,5.830784243999999,-0.00021959699999918314
2022-08-05,6.050033609,6.039279055,0.010754554000000027
2022-08-06,6.269502572,6.247773868,0.021728704000000043
2022-08-07,6.488971535,6.456268679,0.032702856000000224
2022-08-08,6.708440498,6.664763488999999,0.04367700900000049
2022-08-09,6.92790946,6.8732583,0.05465116000000059
2022-08-10,7.147378423,7.08175311,0.06562531299999996
2022-08-11,7.366847386,7.290247921,0.07659946500000014
2022-08-12,7.586316348,7.498742733,0.08757361500000016
2022-08-13,7.805785311,7.707237544,0.09854776700000034
2022-08-14,8.025254274,7.915732354999999,0.10952191900000052
2022-08-15,8.244723237,8.124227165,0.1204960719999999
2022-08-16,8.464192199,8.332721975,0.1314702239999992
2022-08-17,8.683661162,8.541216788,0.1424443740000001
2022-08-18,8.903130125,8.749711598,0.15341852700000125
2022-08-19,9.122599087,8.958206409,0.16439267799999868
2022-08-20,9.34206805,9.16670122,0.17536682999999975
2022-08-21,9.561537013,9.37519603,0.1863409830000009
2022-08-22,9.781005976,9.583690842000001,0.19731513399999834
2022-08-23,10.00047494,9.792185653,0.2082892869999995
2022-08-24,10.2199439,10.000680463999998,0.2192634360000021
2022-08-25,10.43941286,10.209175273999998,0.23023758600000122
2022-08-26,10.65888183,10.417670085000001,0.2412117449999993
2022-08-27,10.87835079,10.626164895999999,0.2521858940000019
2022-08-28,11.09781975,10.834659707,0.2631600429999992
2022-08-29,11.31728871,11.043154518000001,0.2741341919999982
2022-08-30,11.53675768,11.251649329,0.28510835099999987
2022-08-31,11.75622664,11.460144139999999,0.2960825000000007
2022-09-01,11.9756956,11.668638950000002,0.30705664999999804
2022-09-02,12.19516457,11.877133762,0.3180308079999996
2022-09-03,12.41463353,12.085628573,0.32900495700000043
2022-09-04,12.63410249,12.294123384,0.3399791059999995
2022-09-05,12.85357145,12.502618194,0.3509532560000004
2022-09-06,13.07304042,12.711113004999998,0.36192741500000203
2022-09-07,13.29250938,12.919607816000001,0.3729015639999993
2022-09-08,13.51197834,13.128102627,0.3838757130000001
2022-09-09,13.7314473,13.336597439,0.3948498609999991
2022-09-10,13.20647826,13.209601449,-0.0031231890000000817
2022-09-11,17.25176812,17.255485507,-0.00371738699999824
2022-09-12,15.93025326,15.933509406999999,-0.0032561469999983217
2022-09-13,16.11892029,16.120130434,-0.001210144000001634
2022-09-14,17.19191304,17.192202898,-0.0002898580000021411
2022-09-15,13.75241854,13.753511948,-0.0010934079999991297
2022-09-16,9.630789283,9.633490224,-0.002700941000000512
2022-09-17,7.902930535,7.903885674,-0.0009551389999993276
2022-09-18,12.77737681,12.780202898,-0.002826088000000837
2022-09-19,9.509290369,9.514808110999999,-0.005517741999998549
2022-09-20,4.931086957,4.94068116,-0.009594202999999801
2022-09-21,4.611607531,4.618921071,-0.007313540000000174
2022-09-22,4.263842258,4.271041968,-0.007199709999999193
2022-09-23,4.471439942,4.4788639649999995,-0.007424022999999558
2022-09-24,5.989753802,5.996328748,-0.006574945999999748
2022-09-25,4.579000724,4.585286025,-0.006285301000000132
2022-09-26,5.046630435,5.050557971,-0.003927535999999954
2022-09-27,5.652614048,5.658993483,-0.006379434999999489
2022-09-28,11.68008689,11.683939174999999,-0.0038522849999989006
2022-09-29,13.70296543,13.702726064,0.00023936600000062924
2022-09-30,15.48020134,15.484778524,-0.004577183999998624
2022-10-01,6.287125272,6.297031136999999,-0.009905864999999459
2022-10-02,7.554449275,7.564282608,-0.009833333000000444
2022-10-03,9.657083936,9.665557162000002,-0.008473226000003109
2022-10-04,10.82855282,10.835759769000001,-0.007206949000000407
2022-10-05,9.373543478,9.383369564,-0.009826086000000345
2022-10-06,7.664572464,7.674666665999999,-0.010094201999999441
2022-10-07,5.511565217,5.521913044,-0.010347826999999477
2022-10-08,4.47,4.4799999999999995,-0.009999999999999787
2022-10-09,6.861869565,6.871311594,-0.009442028999999685
2022-10-10,7.136381436,7.146084119,-0.009702683000000434
2022-10-11,5.566227371,5.575546706,-0.009319334999999818
2022-10-12,5.403362319,5.406449275,-0.003086955999999752
2022-10-13,4.870253623,4.879971014,-0.009717390999999687
2022-10-14,5.664583635,5.674561911999999,-0.009978276999999203
2022-10-15,5.46248731,5.472494561,-0.010007251000000217
2022-10-16,6.621078928,6.629659667,-0.008580739000000115
2022-10-17,4.726712527,4.7340260690000004,-0.007313542000000339
2022-10-18,3.711115134,3.72103548,-0.009920345999999913
2022-10-19,3.33968139,3.343157132,-0.003475742000000004
2022-10-20,3.498408104,3.502807526,-0.004399421999999653
2022-10-21,4.093507246,4.097507247,-0.00400000100000053
2022-10-22,11.42231831,11.426300872,-0.003982562000000911
2022-10-23,4.921469508,4.9245187360000005,-0.0030492280000000704
2022-10-24,4.237908828,4.240484804,-0.0025759760000001464
2022-10-25,3.366780029,3.374305354,-0.007525325000000027
2022-10-26,2.792847826,2.8005362320000002,-0.007688406000000203
2022-10-27,2.817214182,2.8255354550000003,-0.008321273000000406
2022-10-28,2.943458755,2.950159189,-0.006700433999999866
2022-10-29,2.706364953,2.713374367,-0.007009414000000103
2022-10-30,2.932778582,2.9389435600000002,-0.006164978000000154
2022-10-31,2.432250362,2.437735166,-0.005484803999999954
2022-11-01,2.211648783,2.192350793,0.019297989999999654
2022-11-02,1.856526468,1.865960842,-0.009434374000000023
2022-11-03,2.037183201,2.044417089,-0.007233888000000022
2022-11-04,1.946637681,1.951652173,-0.005014492000000148
2022-11-05,1.932083936,1.9406874109999999,-0.008603474999999916
2022-11-06,2.606497829,2.6145875550000004,-0.008089726000000574
2022-11-07,2.491303007,2.499514263,-0.008211256000000056
2022-11-08,8.132396814,8.139934829,-0.0075380149999997315
2022-11-09,7.132121247,6.696093874,0.43602737299999994
2022-11-10,5.984015919,5.98568741,-0.0016714909999997474
2022-11-11,10.508979,10.5091021,-0.00012309999999970955
2022-11-12,19.49026812,14.771123323,4.719144797
2022-11-13,18.81394928,13.465586652,5.3483626279999985
2022-11-14,13.50440666,11.232718071,2.271688589
2022-11-15,6.894363242,6.898668596,-0.0043053540000004276
2022-11-16,3.466517017,3.4700289640000004,-0.0035119470000002373
2022-11-17,2.856734251,2.861390296,-0.004656045000000386
2022-11-18,2.718444284,2.7248480460000004,-0.00640376200000059
2022-11-19,3.629413043,3.6304275360000005,-0.0010144930000004493
2022-11-20,3.548856729,3.550253256,-0.0013965269999998142
2022-11-21,3.327089066,3.328689355,-0.001600288999999755
2022-11-22,3.62288197,3.625742216,-0.0028602460000000107
2022-11-23,4.548350291,4.551184593,-0.0028343020000001218
2022-11-24,3.926331404,3.931273516,-0.004942112000000165
2022-11-25,3.04070239,3.042317161,-0.0016147710000002924
2022-11-26,4.303400868,4.3130101309999995,-0.009609262999999757
2022-11-27,4.867449275,4.874557970999999,-0.007108695999998638
2022-11-28,4.180340087,4.1876410989999995,-0.0073010119999992185
2022-11-29,3.05365677,3.062766111,-0.00910934100000027
2022-11-30,2.957489146,2.965586107,-0.008096961000000125
2022-12-01,3.038024602,3.046997105,-0.008972502999999854
2022-12-02,3.225757796,3.228129079,-0.002371283000000002
2022-12-03,2.724337437,2.7292252,-0.004887763000000156
2022-12-04,2.559949312,2.5665749460000002,-0.006625634000000158
2022-12-05,3.87853517,3.8815445979999996,-0.003009427999999481
2022-12-06,3.894626541,3.896229152,-0.0016026110000000315
2022-12-07,4.302085445,4.304931209,-0.0028457639999999174
2022-12-08,4.424623188,4.426543478,-0.0019202900000001577
2022-12-09,5.908480243,5.9125,-0.004019757000000013
2022-12-10,4.990014482,4.995271543,-0.005257061000000007
2022-12-11,2.066806662,2.072896453,-0.0060897909999999555
2022-12-12,1.564305355,1.571975399,-0.0076700440000001535
2022-12-13,1.599630702,1.605032586,-0.005401884000000079
2022-12-14,1.638187092,1.642545322,-0.0043582300000000185
2022-12-15,1.63442029,1.637702898,-0.003282607999999909
2022-12-16,1.452230268,1.4585952199999999,-0.006364951999999757
2022-12-17,1.635025344,1.641593049,-0.006567704999999924
2022-12-18,1.771187545,1.7791020999999998,-0.007914554999999712
2022-12-19,1.970101449,1.978413044,-0.008311595000000116
2022-12-20,1.566574946,1.5757060100000002,-0.009131064000000189
2022-12-21,1.528641975,1.5353086410000003,-0.006666666000000321
2022-12-22,1.669586957,1.67760145,-0.008014493000000122
2022-12-23,1.470869565,1.4795217390000002,-0.008652174000000068
2022-12-24,1.529304852,1.5386024619999998,-0.009297609999999734
2022-12-25,1.615633599,1.624822592,-0.009188992999999979
2022-12-26,1.609927641,1.6183285090000001,-0.008400868000000061
2022-12-27,1.521968162,1.534175109,-0.012206946999999913
2022-12-28,1.505250181,1.51902103,-0.013770848999999918
2022-12-29,1.735101302,1.7468523870000001,-0.011751085000000216
2022-12-30,1.727333333,1.735652174,-0.00831884099999991
2022-12-31,1.938086957,1.949992754,-0.01190579699999983
2023-01-01,1.457387844,1.4759696089999998,-0.01858176499999975
2023-01-02,1.742385787,1.760050761,-0.01766497400000011
2023-01-03,1.694467005,1.7206453950000002,-0.02617839000000033
2023-01-04,8.892519913,8.896379435,-0.003859522000000837
2023-01-05,25.15472464,13.096348694,12.058375946000002
2023-01-06,21.14119479,16.414724871,4.7264699189999995
2023-01-07,22.34485827,17.399351882,4.945506387999998
2023-01-08,23.54852174,18.825100489,4.723421251000001
2023-01-09,23.4479580533333,18.063779303,5.384178750333298
2023-01-10,23.3473943666667,18.789335053,4.5580593136667
2023-01-11,23.24683068,20.129806825,3.1170238549999993
2023-01-12,18.09413169,18.094204051,-7.236099999730072e-05
2023-01-13,23.28733719,18.975517365,4.311819824999997
2023-01-14,15.91869754,15.918458756,0.00023878400000043598
2023-01-15,9.625843592,9.626111514,-0.0002679219999990323
2023-01-16,9.645445329,9.645517740999999,-7.241199999974413e-05
2023-01-17,9.75959479,9.760274964,-0.0006801740000010881
2023-01-18,6.735246377,6.73484058,0.00040579699999998553
2023-01-19,5.937688406,5.938152173000001,-0.00046376700000028137
2023-01-20,6.685039826,6.68525706,-0.00021723399999995507
2023-01-21,8.214934877,8.21484081,9.406699999914281e-05
2023-01-22,15.0531259,15.057120116,-0.0039942160000006055
2023-01-23,21.67324873,14.977918276,6.6953304540000005
2023-01-24,10.21939175,10.219478639,-8.688900000031197e-05
2023-01-25,9.968826937,9.971165822,-0.002338885000000346
2023-01-26,10.18412783,10.144936691,0.03919113899999971
2023-01-27,10.27540188,10.277494569000002,-0.0020926890000012577
2023-01-28,8.695553946,8.698240406,-0.002686459999999613
2023-01-29,7.953816176,7.954691176999999,-0.0008750009999989317
2023-01-30,6.959092888,6.960507982,-0.0014150940000003942
2023-01-31,10.81917091,10.929585484,-0.11041457399999999
2023-02-01,13.5089911,13.513338279,-0.004347178999999812
2023-02-02,18.15748164,18.162195301,-0.004713661000000258
2023-02-03,12.83017751,12.830872782,-0.000695271999999747
2023-02-04,13.63406756,12.966490393,0.6675771669999992
2023-02-05,14.43795761,14.719496568,-0.2815389580000005
2023-02-06,15.24184766,15.242262442999998,-0.0004147829999983088
2023-02-07,19.8899782,19.889651162,0.0003270380000017781
2023-02-08,17.36090091,17.176597097,0.1843038130000032
2023-02-09,14.83182362,14.831988041999999,-0.00016442199999922025
2023-02-10,9.826929946,8.908834992,0.9180949540000007
2023-02-11,12.12866793,10.425543474000001,1.7031244559999994
2023-02-12,9.144531243,8.211720599,0.9328106439999999
2023-02-13,7.223683372,6.722425922,0.5012574499999998
2023-02-14,9.988490155,8.792470114,1.1960200409999988
2023-02-15,6.933713482,6.311139968,0.6225735139999999
2023-02-16,5.790147416,5.374270378,0.41587703799999964
2023-02-17,5.948237983,5.505118851000001,0.44311913199999964
2023-02-18,7.474325473,6.857666215,0.6166592580000003
2023-02-19,6.798454518,6.310267570000001,0.4881869479999992
2023-02-20,6.67253485,6.2405736140000005,0.43196123599999936
2023-02-21,4.915937665,4.756340074,0.1595975910000007
2023-02-22,4.029715022,3.975610392,0.05410463000000032
2023-02-23,6.484091817,6.117677108,0.3664147090000007
2023-02-24,5.616052204,5.3879819829999995,0.2280702210000003
2023-02-25,4.429028203,4.2622906910000005,0.1667375119999992
2023-02-26,4.542744045,4.31356701,0.2291770350000002
2023-02-27,5.391094872,5.0228468920000005,0.3682479799999996
2023-02-28,8.675268611,7.901805781,0.7734628299999997
2023-03-01,7.202167814,6.708374170999999,0.49379364300000095
2023-03-02,4.767296887,4.613052644000001,0.15424424299999906
2023-03-03,3.883865669,3.8090621990000004,0.07480346999999954
2023-03-04,3.932004853,3.8859294550000003,0.04607539799999971
2023-03-05,3.648397304,3.642393475,0.0060038289999999606
2023-03-06,3.425755625,3.4349270680000004,-0.009171443000000501
2023-03-07,4.383776263,4.233224343,0.15055191999999984
2023-03-08,4.023346721,3.860012363,0.16333435800000018
2023-03-09,3.739834506,3.5998407520000004,0.13999375399999936
2023-03-10,3.426001337,3.337914668,0.0880866690000004
2023-03-11,3.209944123,3.168276316,0.04166780700000006
2023-03-12,3.323613568,3.278759412,0.04485415599999998
2023-03-13,2.768849175,2.836976736,-0.06812756099999984
2023-03-14,2.749706335,2.787375161,-0.03766882599999999
2023-03-15,2.734551931,2.737222852,-0.0026709209999999928
2023-03-16,2.638630767,2.65586575,-0.017234982999999815
2023-03-17,3.504304113,3.477783816,0.026520296999999804
2023-03-18,3.858846179,3.6997240390000004,0.15912213999999958
2023-03-19,3.211113019,3.1224542299999998,0.08865878900000013
2023-03-20,3.075998526,3.002466467,0.0735320589999997
2023-03-21,2.712694462,2.694510118,0.018184343999999797
2023-03-22,2.92022045,2.968879148,-0.04865869800000011
2023-03-23,4.120018827,5.275050915,-1.1550320879999996
2023-03-24,5.563132535,6.668447579352941,-1.105315044352941
2023-03-25,6.07334803,6.619894806705882,-0.546546776705882
2023-03-26,9.685789506,8.220744742058823,1.4650447639411777
2023-03-27,7.270686468,8.499982516411766,-1.2292960484117659
2023-03-28,5.940604775,7.3574231627647055,-1.4168183877647058
2023-03-29,4.67587321,6.047715018117647,-1.3718418081176473
2023-03-30,4.224177619,5.4536283044705876,-1.2294506854705878
2023-03-31,3.721778668,4.817799944823529,-1.096021276823529
2023-04-01,3.098118008,3.9566127581764707,-0.8584947501764706
2023-04-02,2.87002145,3.6214436275294117,-0.7514221775294119
2023-04-03,2.954763507,3.682206141882353,-0.7274426348823528
2023-04-04,2.864173055,3.473929286235294,-0.609756231235294
2023-04-05,8.495128853,4.791822657588234,3.7033061954117663
2023-04-06,18.83105878,6.664732059941176,12.166326720058823
2023-04-07,9.027899015,6.972193238294118,2.0557057767058815
2023-04-08,6.567047374,7.71217738764706,-1.1451300136470595
2023-04-09,5.659043148,6.841785649,-1.182742501
2023-04-10,5.061371243,6.226973838352942,-1.1656025953529419
2023-04-11,3.937562552,4.930099350705882,-0.9925367987058822
2023-04-12,3.173206298,3.953988354058824,-0.7807820560588237
2023-04-13,3.113994347,3.751123208411765,-0.6371288614117647
2023-04-14,3.356366442,3.948583850764706,-0.5922174087647059
2023-04-15,4.480957503,5.240072303117646,-0.7591148001176462
2023-04-16,4.710335652,5.509550076470588,-0.7992144244705877
2023-04-17,7.355448669,8.75175934182353,-1.396310672823529
2023-04-18,7.553236214,8.948177147176471,-1.3949409331764713
2023-04-19,5.850741725,7.163601716529412,-1.312859991529412
2023-04-20,4.377720636,5.621624461882353,-1.2439038258823532
2023-04-21,3.961333306,5.201912631235294,-1.2405793252352941
2023-04-22,3.587746874,4.634542981588234,-1.0467961075882344
2023-04-23,3.736415762,4.701190782941175,-0.9647750209411754
2023-04-24,3.93135479,4.874914365294118,-0.9435595752941182
2023-04-25,4.660122478,5.603552761647059,-0.9434302836470589
2023-04-26,4.209270237,4.280472665,-0.07120242799999943
2023-04-27,3.993877365,3.634776632,0.359100733
2023-04-28,6.972618533,6.538523599,0.434094934
2023-04-29,15.21000396,14.271434706,0.938569253999999
2023-04-30,18.20001778,12.956776823999999,5.243240956000001
2023-05-01,7.874764278,7.497066466,0.3776978120000001
2023-05-02,11.00926786,11.292252768,-0.2829849080000013
2023-05-03,8.696322138,9.836110547999999,-1.1397884099999995
2023-05-04,10.45453511,11.773096179,-1.3185610689999994
2023-05-05,13.44552199,14.601667655,-1.1561456650000004
2023-05-06,9.896836179,12.448055401000001,-2.551219222000002
2023-05-07,15.55479114,6.291125658120878,9.263665481879123
2023-05-08,11.33099443,5.011793911241756,6.319200518758245
2023-05-09,9.742570473,5.804376072362634,3.938194400637367
2023-05-10,12.74283293,6.30437582848352,6.43845710151648
2023-05-11,14.17661063,7.088902067604398,7.087708562395603
2023-05-12,12.14272644,7.751034355725276,4.391692084274725
2023-05-13,8.846924092,8.704015960846153,0.14290813115384715
2023-05-14,6.462735209,6.754702671538461,-0.2919674625384614
2023-05-15,4.932656016,5.222729290230769,-0.29007327423076923
2023-05-16,4.201176874,4.4986825609230765,-0.2975056869230768
2023-05-17,3.801439857,4.0229224506153844,-0.22148259361538436
2023-05-18,4.427095026,4.613515182307692,-0.18642015630769215
2023-05-19,3.88177348,3.9889245339999997,-0.10715105399999958
2023-05-20,3.80109375,3.652484926,0.14860882400000008
2023-05-21,3.540993843,3.7265779739999996,-0.1855841309999997
2023-05-22,3.033440628,3.2291936249999997,-0.1957529969999996
2023-05-23,3.691736876,3.8584539270000002,-0.16671705100000045
2023-05-24,4.493871041,4.446562717,0.04730832400000029
2023-05-25,4.240841806,4.085714165,0.15512764099999998
2023-05-26,4.342696941,4.008717788,0.3339791529999996
2023-05-27,5.469854953,4.82802898,0.6418259729999995
2023-05-28,6.730554616,6.1320351209999995,0.5985194950000006
2023-05-29,8.440171922,7.906755552,0.5334163699999994
2023-05-30,9.189809969,8.271933355,0.9178766140000008
2023-05-31,13.41520758,12.016582793000001,1.3986247869999993
2023-06-01,14.88722453,13.200949711,1.6862748189999994
2023-06-02,10.38649615,9.427839348,0.9586568020000001
2023-06-03,12.05316486,10.580038337,1.4731265230000012
2023-06-04,9.489271099,8.459903301,1.0293677979999991
2023-06-05,6.100374836,5.495513712999999,0.6048611230000009
2023-06-06,9.470499462,8.329729469,1.1407699929999993
2023-06-07,11.59300038,10.058121372999999,1.5348790070000007
2023-06-08,9.589248479,8.312649921999999,1.2765985570000016
2023-06-09,6.984246491,6.153555352,0.8306911390000007
2023-06-10,4.905689229,4.567765533,0.33792369599999983
2023-06-11,4.885433602,4.799621398,0.08581220399999978
2023-06-12,5.720007486,5.693125181,0.026882304999999995
2023-06-13,6.978969179,6.915264144,0.06370503499999991
2023-06-14,8.600401031,7.855021185,0.7453798460000005
2023-06-15,7.079077668,6.4189824699999996,0.6600951980000005
2023-06-16,4.37967337,4.102065337,0.2776080329999999
2023-06-17,4.822446524,4.3503807519999995,0.47206577200000055
2023-06-18,5.522884115,4.931379626,0.5915044890000001
2023-06-19,4.372008831,3.957721227,0.41428760399999964
2023-06-20,5.817884606,5.354851074000001,0.46303353199999897
2023-06-21,10.02843492,9.287183528,0.7412513920000006
2023-06-22,11.52715196,10.645127724999998,0.8820242350000012
2023-06-23,12.97978164,11.645772291,1.3340093490000005
2023-06-24,12.84367345,11.620409248,1.223264202000001
2023-06-25,12.26314484,11.008908083000001,1.2542367569999993
2023-06-26,14.10864961,12.472472615000001,1.6361769949999996
2023-06-27,15.61668715,13.612487243,2.0041999070000003
2023-06-28,13.81277084,14.570873778,-0.7581029379999986
2023-06-29,14.69365597,16.603082723045453,-1.9094267530454534
2023-06-30,14.82136059,16.82862694209091,-2.0072663520909106
2023-07-01,9.164158461,11.072049696136364,-1.9078912351363648
2023-07-02,8.463530341,10.102372638181818,-1.6388422971818173
2023-07-03,9.801427336,11.606199345227273,-1.804772009227273
2023-07-04,14.94479067,17.04793369227273,-2.1031430222727288
2023-07-05,18.80450523,19.30284793731818,-0.4983427073181801
2023-07-06,15.63222936,18.339706447363636,-2.7074770873636353
2023-07-07,15.89763359,18.408245903409092,-2.5106123134090925
2023-07-08,15.20398507,17.667714969454547,-2.463729899454547
2023-07-09,16.57498729,19.730883058,-3.1558957680000006
2023-07-10,15.21128584,18.000516253545456,-2.7892304135454555
2023-07-11,11.10993509,13.32516473059091,-2.215229640590909
2023-07-12,7.510000878,9.572902568636364,-2.062901690636364
2023-07-13,6.580394994,8.623044890681818,-2.0426498966818185
2023-07-14,4.513045337,6.374461620727272,-1.861416283727272
2023-07-15,3.672043678,5.213675464772727,-1.5416317867727272
2023-07-16,3.129951566,4.3645383878181825,-1.2345868218181826
2023-07-17,3.369052838,4.507407960863636,-1.1383551228636364
2023-07-18,3.340274213,4.186809204909091,-0.846534991909091
2023-07-19,3.524875678,4.201817153954545,-0.6769414759545453
2023-07-20,4.87995903,5.730686638,-0.8507276079999997
2023-07-21,12.11052764,12.811599289148148,-0.7010716491481475
2023-07-22,23.18890498,19.5797556872963,3.6091492927037017
2023-07-23,16.37242968,18.616846104444445,-2.244416424444445
2023-07-24,19.56276026,21.267357987592593,-1.704597727592592
2023-07-25,21.19726885,22.59182520074074,-1.3945563507407392
2023-07-26,22.0779979,19.57696099788889,2.5010369021111103
2023-07-27,10.45045646,12.689302805037038,-2.2388463450370377
2023-07-28,5.012237227,7.021844687185185,-2.009607460185185
2023-07-29,4.618848704,6.467889929333333,-1.849041225333333
2023-07-30,6.09726011,8.131341074481481,-2.0340809644814817
2023-07-31,8.54257208,10.47305730262963,-1.9304852226296312
2023-08-01,7.188185602,9.347292704777779,-2.159107102777779
2023-08-02,8.085069304,10.365168256925926,-2.2800989529259272
2023-08-03,10.69550262,13.959923047074074,-3.264420427074075
2023-08-04,9.64056658,13.297570345222221,-3.657003765222221
2023-08-05,14.2038809,19.390783736370373,-5.186902836370374
2023-08-06,20.91825797,20.012756079518518,0.9055018904814816
2023-08-07,21.00877651,21.812865270666663,-0.8040887606666622
2023-08-08,16.98726209,21.698616579814814,-4.711354489814813
2023-08-09,11.86914447,15.952562973962962,-4.083418503962962
2023-08-10,9.324010121,12.506754691111112,-3.1827445701111117
2023-08-11,7.0065353,9.76768957225926,-2.761154272259259
2023-08-12,6.206353721,8.628945597407407,-2.422591876407407
2023-08-13,8.220952388,10.753832712555557,-2.5328803245555562
2023-08-14,15.26647476,18.312203174703704,-3.0457284147037047
2023-08-15,11.68506402,15.357068410851852,-3.6720043908518516
2023-08-16,13.95191025,14.490334396000002,-0.5384241460000023
2023-08-17,6.620851424,6.145076986,0.4757744379999993
2023-08-18,6.516315381,6.989953412,-0.4736380310000001
2023-08-19,6.966168562,7.427205937,-0.4610373750000001
2023-08-20,5.02000264,5.5919249010000005,-0.5719222610000001
2023-08-21,4.619732787,5.112236962999999,-0.49250417599999885
2023-08-22,4.583343095,4.811784688,-0.22844159300000033
2023-08-23,4.744775111,4.905269607999999,-0.1604944969999993
2023-08-24,4.391614173,4.6827577819999995,-0.2911436089999997
2023-08-25,4.163698184,4.229705888,-0.06600770399999956
2023-08-26,4.918815224,5.283876391,-0.36506116699999946
2023-08-27,4.784537976,5.122558545,-0.3380205690000002
2023-08-28,5.132199198,5.457450887,-0.3252516889999999
2023-08-29,9.224100324,9.769335093999999,-0.5452347699999986
2023-08-30,5.744900571,6.403430994,-0.6585304230000002
2023-08-31,8.62365212,9.141630423,-0.5179783030000014
2023-09-01,6.427477078,7.098848775999999,-0.6713716979999989
2023-09-02,6.222905923,6.892740905,-0.6698349820000002
2023-09-03,5.518023196,6.094036759,-0.5760135630000001
2023-09-04,5.274507898,5.894988639999999,-0.6204807419999989
2023-09-05,8.659429111,8.714047282,-0.05461817099999955
2023-09-06,14.63380002,10.118847627,4.5149523930000015
2023-09-07,20.60817092,9.20247776,11.405693159999998
2023-09-08,8.608830266,9.017772462,-0.4089421959999999
2023-09-09,5.326159347,5.8501428,-0.5239834530000005
2023-09-10,4.596327883,4.832357088,-0.23602920500000035
2023-09-11,4.052142215,4.027450237,0.024691977999999892
2023-09-12,3.86119137,3.670976263,0.19021510699999977
2023-09-13,4.423724648,4.037343772,0.3863808760000005
2023-09-14,5.562617453,5.019574477999999,0.5430429750000005
2023-09-15,6.827174336,6.217504507000001,0.6096698289999987
2023-09-16,5.989307411,5.396927806,0.5923796050000005
2023-09-17,4.999378205,4.511210764,0.48816744099999987
2023-09-18,6.337068979,5.940110637,0.3969583419999996
2023-09-19,7.617475269,7.256014695999999,0.36146057300000045
2023-09-20,9.976721662,9.687739469,0.28898219299999894
2023-09-21,11.11488563,11.152797714,-0.037912084000000235
2023-09-22,8.947612143,9.092755424,-0.1451432809999993
2023-09-23,9.116855764,9.462844802,-0.345989037999999
2023-09-24,8.480534689,9.134810279666667,-0.654275590666666
2023-09-25,6.233555006,6.733802712333333,-0.500247706333333
2023-09-26,9.300514127,9.390120314,-0.08960618700000111
2023-09-27,8.732867187,8.797401742,-0.06453455499999983
2023-09-28,8.52908686,8.627416405,-0.09832954500000035
2023-09-29,8.065563287,8.139030321,-0.0734670340000001
2023-09-30,9.080311216,8.805059626,0.2752515899999999
2023-10-01,9.014560885,8.87395461,0.14060627499999967
2023-10-02,5.919324127,5.9677857670000005,-0.048461640000000195
2023-10-03,7.775249087,7.273518355,0.5017307319999995
2023-10-04,8.007902187,7.509649528000001,0.4982526589999985
2023-10-05,6.354559363,5.959502784,0.39505657900000024
2023-10-06,4.635374289,4.361308739,0.27406554999999955
2023-10-07,3.787514064,3.571650643,0.2158634209999999
2023-10-08,3.635498954,3.528187045,0.10731190899999987
2023-10-09,3.909287916,3.91798161,-0.008693694000000196
2023-10-10,4.938477612,4.670383155000001,0.26809445699999923
2023-10-11,4.485058204,4.385363676,0.09969452800000056
2023-10-12,3.406782719,3.630320936,-0.22353821699999976
2023-10-13,6.680782216,6.150697637,0.5300845789999995
2023-10-14,12.08559843,10.862733168,1.2228652619999991
2023-10-15,13.66844308,12.21214839,1.45629469
2023-10-16,6.692247141,6.16975546,0.522491681
2023-10-17,6.175211133,5.650388189999999,0.5248229430000011
2023-10-18,9.265154347,8.370200416,0.8949539309999999
2023-10-19,8.228356275,7.9882432020000005,0.24011307299999896
2023-10-20,8.894919135,8.712761296,0.18215783900000027
2023-10-21,6.174799206,6.094669983999999,0.08012922200000094
2023-10-22,7.058117505,7.158104496,-0.09998699099999975
2023-10-23,5.751725785,5.963910297,-0.21218451200000032
2023-10-24,8.439734322,8.674232616,-0.23449829399999977
2023-10-25,13.56386098,13.544965917999999,0.01889506200000035
2023-10-26,10.78322501,10.631577083,0.15164792700000085
2023-10-27,10.65572013,10.541736873,0.113983257000001
2023-10-28,5.826195213,5.834705347,-0.00851013399999978
2023-10-29,5.945513279,5.8257448709999995,0.11976840800000055
2023-10-30,5.575884849,5.568570255,0.007314594000000341
2023-10-31,7.140676951,6.985122079,0.15555487199999973
2023-11-01,8.346152694,8.041881819,0.3042708750000003
2023-11-02,6.865887089,6.701143325,0.1647437639999998
2023-11-03,8.618939428,8.27907731,0.3398621179999992
2023-11-04,6.307306376,5.837440053,0.46986632299999975
2023-11-05,9.498390177,8.7541878,0.7442023769999988
2023-11-06,11.25223672,10.229151447,1.0230852730000013
2023-11-07,8.133329416,7.6559383069999996,0.4773911090000009
2023-11-08,4.241410707,4.226011536,0.015399171000000322
2023-11-09,4.716116581,4.64933246,0.06678412099999953
2023-11-10,5.190204472,5.135349183000001,0.05485528899999892
2023-11-11,3.447074659,3.61039206,-0.16331740100000003
2023-11-12,3.06038963,3.5631709,-0.5027812699999998
2023-11-13,2.751174549,2.988521233,-0.23734668400000025
2023-11-14,3.182442881,3.524400842,-0.34195796099999987
2023-11-15,3.161884855,3.460855056,-0.2989702010000004
2023-11-16,3.28252833,3.380241183,-0.09771285299999999
2023-11-17,3.373146414,3.278170854,0.09497555999999996
2023-11-18,3.732418868,3.620790193,0.11162867499999996
2023-11-19,3.361698689,2.981783928,0.37991476099999977
2023-11-20,3.95562252,3.66370592,0.29191659999999997
2023-11-21,3.949529866,3.2461528690000003,0.7033769969999994
2023-11-22,4.74594003,4.652809244,0.09313078599999969
2023-11-23,8.682339593,11.062335333666667,-2.3799957406666667
2023-11-24,6.016957091,7.191082837333333,-1.174125746333333
2023-11-25,4.791923772,4.861381918999999,-0.06945814699999975
2023-11-26,3.777160276,3.359940218,0.41722005799999984
2023-11-27,3.609500992,3.58304443,0.026456561999999906
2023-11-28,4.794747069,5.812013929333332,-1.0172668603333328
2023-11-29,3.292317388,5.0685454886666665,-1.7762281006666667
2023-11-30,15.5317105,13.471930791999998,2.0597797080000024
2023-12-01,9.048580389,7.98613954,1.0624408489999997
2023-12-02,6.533401694,5.869618932,0.6637827620000003
2023-12-03,7.017598372,6.370570728,0.6470276440000005
2023-12-04,5.562838947,5.155444972,0.40739397500000063
2023-12-05,9.417700371,8.696334245,0.7213661260000013
2023-12-06,10.03181052,9.385786128,0.6460243920000011
2023-12-07,6.939498624,6.389296635,0.5502019889999996
2023-12-08,4.578864322,4.35229793,0.2265663920000005
2023-12-09,7.505964358,6.964290954,0.541673404
2023-12-10,6.07354955,5.717117362,0.3564321880000003
2023-12-11,9.7949281,9.130519216,0.6644088840000002
2023-12-12,13.82965398,12.658916664,1.1707373160000003
2023-12-13,12.24963901,11.153771851999998,1.0958671580000008
2023-12-14,12.86790118,11.911017518,0.956883662000001
2023-12-15,18.71433125,12.863972492,5.8503587580000005
2023-12-16,9.891631461,9.227917191,0.6637142699999998
2023-12-17,5.068091618,5.000854829,0.06723678900000074
2023-12-18,5.190379129,5.044023651,0.14635547800000026
2023-12-19,7.628881958,7.21284659,0.4160353680000002
2023-12-20,5.576182759,5.352460448,0.2237223109999995
2023-12-21,4.480841879,4.416273637,0.064568242
2023-12-22,5.445130144,5.467354415,-0.022224270999999796
2023-12-23,5.236866427,5.306991532,-0.0701251049999998
2023-12-24,4.943385294,5.071372354999999,-0.1279870609999998
2023-12-25,5.998968529,6.131343447,-0.132374918
2023-12-26,12.21274438,12.130165271000001,0.0825791089999992
2023-12-27,18.57161608,14.239750897,4.331865182999998
2023-12-28,13.44922229,12.578620277,0.8706020129999992
2023-12-29,8.774424474,8.378090033,0.3963344410000005
2023-12-30,7.872769567,7.474429721,0.39833984599999983
2023-12-31,10.61305803,9.769393392000001,0.8436646379999981
2024-01-01,7.54652874,6.916440074,0.6300886660000007
2024-01-02,8.032323461,7.24020566,0.7921178010000007
2024-01-03,6.944092147,6.458928417999999,0.4851637290000008
2024-01-04,10.62876245,9.784970680999999,0.843791769000001
2024-01-05,12.01179808,11.583814702999998,0.4279833770000021
2024-01-06,8.88549067,9.153722803,-0.2682321330000015
2024-01-07,7.747762159,8.239179027999999,-0.49141686899999915
2024-01-08,5.062738763,5.319721201,-0.25698243800000053
2024-01-09,4.827928667,4.942617418999999,-0.11468875199999928
2024-01-10,6.962097118,6.945088105,0.017009013000000017
2024-01-11,5.954743283,5.952787417,0.001955866000000306
2024-01-12,5.066952779,5.063966669,0.002986110000000153
2024-01-13,4.25415614,4.190452219999999,0.06370392000000091
2024-01-14,3.6994375,3.709585454,-0.010147953999999793
2024-01-15,4.103498381,4.074490399,0.029007981999999544
2024-01-16,4.549006151,4.497776344,0.05122980700000035
2024-01-17,4.231457434,4.247415913999999,-0.01595847999999922
2024-01-18,3.989986192,3.969506364,0.020479828000000033
2024-01-19,4.112891513,3.9534295549999996,0.15946195800000051
2024-01-20,4.614484591,4.392253476,0.22223111500000048
2024-01-21,6.770872583,6.225148364999999,0.545724218000001
2024-01-22,5.452988427,5.392733654999999,0.06025477200000129
2024-01-23,3.858880941,3.847702935,0.01117800599999974
2024-01-24,3.364633211,3.197402377,0.16723083400000016
2024-01-25,3.466405588,3.238462642,0.2279429460000002
2024-01-26,3.012829146,2.9404842450000004,0.07234490099999968
2024-01-27,3.068038419,2.9578614990000003,0.11017691999999979
2024-01-28,3.370530541,3.2282496529999998,0.14228088800000016
2024-01-29,2.828361093,2.683340942,0.14502015099999976
2024-01-30,3.426972422,3.256861512,0.17011091
2024-01-31,3.982187852,3.736027005,0.24616084700000007
2024-02-01,5.247808142,4.897581982,0.35022616000000006
2024-02-02,5.757986768,5.158225904,0.5997608640000003
2024-02-03,6.772127617,5.848752042,0.9233755749999997
2024-02-04,7.452941085,6.361158795,1.0917822900000003
2024-02-05,7.643820702,6.725611817999999,0.9182088840000011
2024-02-06,5.630976542,5.008315524,0.6226610179999996
2024-02-07,4.985093467,4.475882833,0.5092106339999996
2024-02-08,4.676773617,4.306794006,0.36997961100000065
2024-02-09,4.267265871,4.218052898,0.04921297300000038
2024-02-10,3.64309442,3.703522517,-0.06042809699999996
2024-02-11,3.39546462,3.486467598,-0.09100297800000012
2024-02-12,3.302892046,3.358830813,-0.05593876699999978
2024-02-13,5.343432742,4.941103172,0.40232957
2024-02-14,7.702233602,6.910806095,0.7914275069999999
2024-02-15,9.267611764,8.109877041,1.157734722999999
2024-02-16,11.48124354,9.69891575,1.78232779
2024-02-17,8.599116566,7.680413619,0.918702946999999
2024-02-18,10.92798897,9.571102474,1.3568864959999996
2024-02-19,9.22956609,8.375576967999999,0.8539891220000015
2024-02-20,8.450979739,8.105118524,0.34586121499999933
2024-02-21,7.389644792,7.350392761,0.03925203100000019
2024-02-22,8.397836335,7.9991160379999995,0.39872029699999967
2024-02-23,5.93587127,5.628613287,0.3072579829999995
2024-02-24,6.291924627,5.943032432,0.34889219500000035
2024-02-25,5.27729496,4.991442196,0.2858527639999995
2024-02-26,3.955652439,3.67173364,0.2839187990000003
2024-02-27,3.548846154,3.25589423,0.29295192400000003
2024-02-28,3.285374851,2.967310373,0.3180644779999997
2024-02-29,3.648696059,3.289437037,0.35925902200000026
2024-03-01,4.219176287,3.8220161379999995,0.3971601490000003
2024-03-02,4.068282361,3.6098781169999996,0.458404244
2024-03-03,3.135535745,2.8474287159999996,0.2881070290000003
2024-03-04,2.859500608,2.6266081640000003,0.23289244399999953
2024-03-05,2.109785375,2.034270049,0.0755153260000001
2024-03-06,3.363651912,3.1331584990000003,0.2304934129999996
2024-03-07,3.852767416,3.477835131,0.37493228499999987
2024-03-08,3.981089203,3.706856324,0.27423287899999993
2024-03-09,3.922235386,3.609790508,0.312444878
2024-03-10,3.7198078,3.40445759,0.3153502100000001
2024-03-11,4.543466949,4.0496973270000005,0.4937696219999994
2024-03-12,4.275433738,3.8766777119999998,0.3987560260000005
2024-03-13,5.831137901,5.233531013,0.5976068879999996
2024-03-14,7.389608126,6.562775768,0.8268323579999999
2024-03-15,7.460973558,6.602374244,0.8585993140000001
2024-03-16,5.670402333,5.101577208,0.568825125
2024-03-17,3.940265271,3.635457692,0.3048075789999998
2024-03-18,5.608124486,5.028453562,0.5796709240000002
2024-03-19,4.585297563,4.196457628,0.388839935
2024-03-20,4.980144993,4.5904609579999995,0.38968403500000015
2024-03-21,5.845378228,5.435174421,0.41020380700000025
2024-03-22,8.456621807,7.734700944,0.7219208629999994
2024-03-23,8.543053759,8.028255678,0.5147980809999986
2024-03-24,5.853370861,5.827831764999999,0.025539096000001038
2024-03-25,8.017591062,8.02148276,-0.003891698000000332
2024-03-26,7.292937966,7.419815616999999,-0.12687765099999915
2024-03-27,8.55641841,8.567036810000001,-0.010618400000002026
2024-03-28,7.735474498,8.184783652999998,-0.44930915499999813
2024-03-29,9.372655469,9.692898634,-0.32024316500000083
2024-03-30,7.698831996,7.817838724000001,-0.11900672800000134
2024-03-31,12.04577033,11.789979378999998,0.2557909510000016
2024-04-01,9.291370809,9.208113669,0.08325714000000062
2024-04-02,4.237584755,4.111807965000001,0.12577678999999975
2024-04-03,3.278644866,3.316653672,-0.03800880600000012
2024-04-04,3.596787585,3.487504106,0.10928347900000013
2024-04-05,3.294153676,3.8362673110000003,-0.5421136350000002
2024-04-06,4.157676915,5.486331785,-1.3286548700000003
2024-04-07,6.906763049,8.079399793,-1.172636744
2024-04-08,8.892288919,7.213195761,1.6790931580000006
2024-04-09,4.85715441,6.298390711,-1.441236301
2024-04-10,3.570492399,4.868519706000001,-1.2980273070000008
2024-04-11,2.942555501,4.064081629,-1.1215261280000002
2024-04-12,2.496487353,3.4116437399999997,-0.9151563869999997
2024-04-13,2.631294702,3.409120466,-0.7778257640000001
2024-04-14,2.341438566,3.1088663,-0.767427734
2024-04-15,2.464147267,2.923816328,-0.45966906100000005
2024-04-16,3.01932855,3.3962115529999997,-0.37688300299999966
2024-04-17,3.402954811,3.6547381409999997,-0.25178332999999986
2024-04-18,3.895431479,4.112764044272727,-0.21733256527272715
2024-04-19,2.722501344,3.2755005015454546,-0.5529991575454547
2024-04-20,2.121669627,2.6679526228181816,-0.5462829958181814
2024-04-21,2.272615693,2.9577655520909087,-0.6851498590909086
2024-04-22,2.533572768,3.4456256053636363,-0.9120528373636363
2024-04-23,3.027595997,4.1679617156363635,-1.1403657186363634
2024-04-24,3.561843674,4.789250164909092,-1.2274064909090918
2024-04-25,4.339951849,5.670938748181818,-1.3309868991818181
2024-04-26,7.308938895,8.467312728454546,-1.1583738334545464
2024-04-27,6.268921042,7.585718338727273,-1.3167972967272732
2024-04-28,4.262017299,5.651780199,-1.3897629
2024-04-29,4.881584129,6.029982934272727,-1.148398805272727
2024-04-30,4.672966162,5.486172485545454,-0.8132063235454545
2024-05-01,5.066532324,5.887509172818182,-0.8209768488181819
2024-05-02,5.535730363,6.4676235510909095,-0.9318931880909096
2024-05-03,4.163878819,4.780292964363636,-0.6164141453636365
2024-05-04,3.865966026,4.388738432636363,-0.522772406636363
2024-05-05,3.7976725,4.288558246909091,-0.4908857469090906
2024-05-06,3.660672568,3.9680598471818183,-0.3073872791818184
2024-05-07,3.313559642,3.5171069124545453,-0.20354727045454535
2024-05-08,3.257549268,3.331686045727273,-0.074136777727273
2024-05-09,3.054986114,2.90649989,0.148486224
2024-05-10,2.959921056,2.692189398,0.2677316580000002
2024-05-11,3.159079699,2.827206428,0.33187327099999964
2024-05-12,3.273015432,2.9211981590000002,0.35181727299999954
2024-05-13,3.039750723,2.761836642,0.27791408100000004
2024-05-14,3.203810269,2.918669887,0.2851403819999998
2024-05-15,3.671079671,3.3146011189999998,0.35647855200000045
2024-05-16,5.293270906,4.801957579,0.4913133270000003
2024-05-17,8.429825278,7.603920506,0.8259047719999995
2024-05-18,11.12373807,10.140844806,0.9828932639999994
2024-05-19,10.3007779,9.483565698,0.8172122020000003
2024-05-20,6.517540275,6.052996826,0.4645434489999998
2024-05-21,3.724310767,3.605114874,0.11919589300000011
2024-05-22,4.557941694,5.135839949409091,-0.5778982554090906
2024-05-23,11.8868007,6.367357056484851,5.5194436435151495
2024-05-24,10.25774091,7.041871850560603,3.215869059439398
2024-05-25,6.33644514,7.474623871636362,-1.138178731636362
2024-05-26,5.617903898,6.864885542045455,-1.246981644045455
2024-05-27,4.797408629,5.780463687454545,-0.9830550584545446
2024-05-28,4.046778424,4.850288978863636,-0.8035105548636361
2024-05-29,5.042316165,5.943850984272728,-0.9015348192727277
2024-05-30,6.978888131,8.012172752681819,-1.033284621681819
2024-05-31,4.699495095,6.04368355409091,-1.3441884590909101
2024-06-01,2.792883445,3.8147337859999997,-1.0218503409999995
2024-06-02,3.970940493,5.426662284909091,-1.4557217919090912
2024-06-03,3.341759381,4.677531178318182,-1.3357717973181815
2024-06-04,2.595210958,3.497264730727273,-0.9020537727272728
2024-06-05,2.377207857,3.0661691741363635,-0.6889613171363633
2024-06-06,2.44892627,3.184381769545454,-0.7354554995454543
2024-06-07,2.365066173,2.9691063379545453,-0.604040164954545
2024-06-08,2.15503809,2.6409398663636363,-0.4859017763636362
2024-06-09,2.132717247,2.589782008772727,-0.45706476177272704
2024-06-10,2.221843482,2.758714223181818,-0.5368707411818177
2024-06-11,2.755321208,3.6043362785909085,-0.8490150705909087
2024-06-12,2.81903724,3.648657658,-0.8296204179999997
2024-06-13,2.614729887,3.06238291,-0.447653023
2024-06-14,2.705971675,3.227743348,-0.5217716730000004
2024-06-15,2.412217339,2.9524349790000004,-0.5402176400000003
2024-06-16,2.347763924,2.851137311,-0.5033733869999999
2024-06-17,6.87509415933333,8.334018222275862,-1.4589240629425317
2024-06-18,11.4024243946667,7.913764444551725,3.4886599501149744
2024-06-19,15.92975463,6.750143891827586,9.179610738172414
2024-06-20,7.915499879,8.403301184103448,-0.48780130510344755
2024-06-21,4.893503404,5.9488354693793095,-1.05533206537931
2024-06-22,4.064773374,5.271959488655172,-1.2071861146551726
2024-06-23,3.179247653,4.37653809068542,-1.19729043768542
2024-06-24,2.953010691,4.160913919715669,-1.207903228715669
2024-06-25,2.789296665,3.9041989577459164,-1.1149022927459162
2024-06-26,2.734443816,3.849285309776165,-1.1148414937761646
2024-06-27,2.79778622347917,3.9262184376397533,-1.1284322141605831
2024-06-28,2.86112863095833,4.0031515655033205,-1.1420229345449906
2024-06-29,2.9244710384375,4.080084693366908,-1.1556136549294083
2024-06-30,2.98781344591667,4.157017821230497,-1.1692043753138268
2024-07-01,3.05115585339583,4.233950949094065,-1.1827950956982347
2024-07-02,3.114498261,4.310884076957652,-1.1963858159576524
2024-07-03,3.17784066835417,4.387817204821241,-1.209976536467071
2024-07-04,3.24118307583333,4.464750332684808,-1.223567256851478
2024-07-05,3.3045254833125,4.541683460548397,-1.2371579772358965
2024-07-06,3.36786789079167,4.618616588411985,-1.250748697620315
2024-07-07,3.43121029827083,4.695549716275552,-1.2643394180047225
2024-07-08,3.494552706,4.77248284413914,-1.2779301381391401
2024-07-09,3.55789511322917,4.8494159720027294,-1.2915208587735596
2024-07-10,3.62123752070833,4.9263490998662975,-1.3051115791579675
2024-07-11,3.6845799281875,5.003282227729885,-1.3187022995423852
2024-07-12,3.74792233566667,5.080215355593474,-1.3322930199268037
2024-07-13,3.81126474314583,5.157148483457041,-1.3458837403112107
2024-07-14,3.874607151,5.234081611320629,-1.3594744603206292
2024-07-15,3.93794955810417,5.311014739184217,-1.373065181080047
2024-07-16,4.00129196558333,5.387947867047783,-1.3866559014644535
2024-07-17,4.0646343730625,5.464880994911368,-1.4002466218488685
2024-07-18,4.12797678054167,5.541814122774965,-1.413837342233295
2024-07-19,4.19131918802083,5.61874725063853,-1.4274280626177003
2024-07-20,4.254661596,5.695680379502117,-1.441018783502117
2024-07-21,4.31800400297917,5.772613506365703,-1.454609503386533
2024-07-22,4.38134641045833,5.849546634229269,-1.468200223770939
2024-07-23,4.4446888179375,5.926479762092865,-1.4817909441553647
2024-07-24,4.50803122541667,6.003412889956451,-1.4953816645397806
2024-07-25,4.57137363289583,6.080346017820016,-1.5089723849241858
2024-07-26,4.63471604,6.157279145683603,-1.522563105683603
2024-07-27,4.69805844785417,6.234212273547189,-1.5361538256930185
2024-07-28,4.76140085533333,6.311145401410765,-1.5497445460774353
2024-07-29,4.8247432628125,6.388078529274351,-1.5633352664618503
2024-07-30,4.88808567029167,6.465011657137936,-1.5769259868462653
2024-07-31,4.95142807777083,6.541944785001503,-1.5905167072306732
2024-08-01,5.014770485,6.6188779128650985,-1.6041074278650989
2024-08-02,5.07811289272917,6.695811040728685,-1.6176981479995156
2024-08-03,5.14145530020833,6.772744168592251,-1.6312888683839208
2024-08-04,5.2047977076875,6.849677296455837,-1.6448795887683367
2024-08-05,5.26814011516667,6.926610424319422,-1.6584703091527526
2024-08-06,5.33148252264583,7.0035435521829985,-1.6720610295371685
2024-08-07,5.39482493,7.080476680046584,-1.685651750046584
2024-08-08,5.45816733760417,7.15740980791017,-1.6992424703060003
2024-08-09,5.52150974508333,7.2343429357737365,-1.7128331906904064
2024-08-10,5.5848521525625,7.311276063637322,-1.7264239110748223
2024-08-11,5.64819456004167,7.388209191500918,-1.740014631459248
2024-08-12,5.71153696752083,7.465142319364485,-1.753605351843655
2024-08-13,5.774879375,7.54207544722807,-1.76719607222807
2024-08-14,4.236089193,6.030008626982456,-1.793919433982456
2024-08-15,3.563613203,5.066361061736842,-1.502747858736842
2024-08-16,2.912601982,3.712845010491228,-0.8002430284912281
2024-08-17,3.459465988,4.364714748791069,-0.9052487607910695
2024-08-18,3.883659339,4.896292086090909,-1.0126327470909096
2024-08-19,3.532469797,4.658422225969696,-1.125952428969696
2024-08-20,3.856675148,5.046383324848485,-1.1897081768484847
2024-08-21,8.653649668,8.584390306727272,0.06925936127272792
2024-08-22,10.52256938,8.264167051272727,2.258402328727273
2024-08-23,7.498030045,8.362469698818181,-0.8644396538181809
2024-08-24,5.39450975,6.737632601363636,-1.3431228513636357
2024-08-25,4.454401661,5.910328466909091,-1.4559268059090904
2024-08-26,3.41622117,4.6312337064545455,-1.2150125364545454
2024-08-27,2.886100564,3.6604136350000003,-0.7743130710000004
2024-08-28,7.070623414,2.907893812,4.162729602
2024-08-29,5.117619838,5.245232594,-0.12761275599999955
2024-08-30,3.164616262,7.582571375,-4.417955113
2024-08-31,3.349039077,9.544788959,-6.195749881999999
2024-09-01,3.264372175,7.580782526,-4.316410351
2024-09-02,2.981296806,6.2316444220000005,-3.2503476160000004
2024-09-03,3.223287704,5.825473282,-2.602185578
2024-09-04,3.317647481,5.104242703,-1.7865952219999999
2024-09-05,3.205676554,5.043535585,-1.8378590309999998
2024-09-06,3.273520363,5.4566853040000005,-2.1831649410000007
2024-09-07,3.267994743,4.896573995,-1.6285792519999998
2024-09-08,4.062162743,7.90042981,-3.8382670670000003
2024-09-09,3.993288646,7.464414273,-3.471125627
2024-09-10,4.383078194,7.414410544999999,-3.0313323509999988
2024-09-11,5.385869311,6.464055397,-1.0781860859999997
2024-09-12,7.305560656,8.385276797,-1.0797161409999996
2024-09-13,10.39897203,11.166549316999998,-0.7675772869999982
2024-09-14,6.995249686,8.107886339,-1.112636653
2024-09-15,6.002125039,7.268069405,-1.2659443660000003
2024-09-16,6.570961943,7.9954697900000005,-1.424507847
2024-09-17,7.337031897,9.405324192,-2.068292295
2024-09-18,8.44897744,9.488955508,-1.039978068
2024-09-19,11.60007655,12.677920119,-1.0778435689999988
2024-09-20,12.40275816,13.6133699,-1.210611740000001
2024-09-21,8.99017777,10.697009573,-1.706831803
2024-09-22,6.659328115,8.057095220999999,-1.397767105999999
2024-09-23,4.482142655,5.8660369590000006,-1.383894304000001
2024-09-24,5.815605605,4.472671356999999,1.3429342480000006
2024-09-25,7.470396108,4.073182687999999,3.397213420000001
2024-09-26,5.676722418,4.559448525,1.1172738930000001
2024-09-27,4.284768558,4.608616435,-0.3238478770000004
2024-09-28,5.110273854,5.380563966,-0.2702901120000005
2024-09-29,4.81226589,6.8996445390000005,-2.0873786490000006
2024-09-30,4.620501726,5.509040881,-0.8885391550000001
2024-10-01,4.015577409,5.221797787,-1.2062203780000003
2024-10-02,3.69359169,5.2279001880000004,-1.5343084980000006
2024-10-03,3.652272677,5.1837400350000005,-1.5314673580000004
2024-10-04,3.494768479,5.35327923,-1.8585107509999998
2024-10-05,3.988488504,5.363402661,-1.374914157
2024-10-06,5.530915254,6.999476576999999,-1.4685613229999994
2024-10-07,8.421385593,10.255469200999999,-1.8340836079999985
2024-10-08,7.26377409,8.882324858,-1.6185507680000004
2024-10-09,5.253920315,6.293072662,-1.039152347
2024-10-10,4.147457313,5.651690245,-1.5042329319999999
2024-10-11,4.857197583,6.443424826999999,-1.5862272439999998
2024-10-12,7.579008553,9.530085295,-1.9510767419999988
2024-10-13,10.94581097,12.873646422,-1.927835452
2024-10-14,15.75163041,16.54667787290909,-0.7950474629090891
2024-10-15,17.84389481,17.27608322481818,0.5678115851818184
2024-10-16,16.6390807,15.859581287727268,0.7794994122727328
2024-10-17,11.55565729,11.88281416663636,-0.3271568766363604
2024-10-18,13.97853115,13.63109259554545,0.3474385544545502
2024-10-19,15.98759946,13.76133179045455,2.22626766954545
2024-10-20,11.50330968,11.13039498136364,0.3729146986363592
2024-10-21,7.461456803,7.823056886272729,-0.3616000832727293
2024-10-22,8.680701899,8.68380487018182,-0.0031029711818195693
2024-10-23,10.66956266,10.15603292309091,0.5135297369090903
2024-10-24,8.572756963,7.808797147000001,0.763959815999999
2024-10-25,8.023301946,7.1763112840000005,0.8469906619999996
2024-10-26,7.131094711,6.492380296,0.6387144149999999
2024-10-27,10.23368734,9.132720181,1.1009671589999996
2024-10-28,9.858956019,9.067790372000001,0.7911656469999997
2024-10-29,11.61505905,10.544216886,1.070842164
2024-10-30,15.50317298,14.867734463,0.6354385170000008
2024-10-31,13.46357961,12.235050572999999,1.2285290370000013
2024-11-01,9.432106952,8.901139398,0.5309675540000001
2024-11-02,7.04250565,6.864263535,0.17824211499999976
2024-11-03,7.507220927,7.340061127,0.16715979999999941
2024-11-04,12.76765321,12.951401954,-0.18374874399999896
2024-11-05,8.37137857,8.185223947999999,0.1861546220000001
2024-11-06,7.854179653,8.096506435,-0.24232678200000013
2024-11-07,3.933594554,4.057987053,-0.12439249899999982
2024-11-08,4.950628688,5.203768087,-0.25313939900000015
2024-11-09,5.914508004,6.84072281,-0.926214806
2024-11-10,8.746604912,9.843153641,-1.0965487290000002
2024-11-11,6.10162653,6.084977715000001,0.01664881499999904
2024-11-12,4.183194837,4.106934637,0.07626020000000011
2024-11-13,6.429234856,6.8508415330000005,-0.42160667700000065
2024-11-14,3.353103853,3.568807949,-0.21570409600000007
2024-11-15,3.399660709,3.686365351,-0.2867046420000001
2024-11-16,3.277149247,3.481023031,-0.20387378399999978
2024-11-17,3.756591729,4.712573643000001,-0.9559819140000005
2024-11-18,3.092765968,4.6027364649999996,-1.5099704969999994
2024-11-19,2.284189697,3.368863073,-1.084673376
2024-11-20,1.897738936,2.460861817,-0.563122881
2024-11-21,1.637322269,2.586251374,-0.9489291050000002
2024-11-22,2.104711061,3.006644363,-0.9019333019999998
2024-11-23,1.770144382,3.340804653,-1.5706602710000002
2024-11-24,1.675326428,4.869706646999999,-3.1943802189999992
2024-11-25,3.367394068,5.8394322039999995,-2.4720381359999997
2024-11-26,3.143834,5.422653876,-2.278819876
2024-11-27,3.205536273,5.555403426,-2.349867153
2024-11-28,5.30654351,6.992422135,-1.685878625
2024-11-29,7.407550747,8.429440843999998,-1.0218900969999982
2024-11-30,9.508557983,9.866459553,-0.357901570000001
2024-12-01,11.60956522,11.303478261,0.30608695899999994
2024-12-02,12.5484791,11.05601503790625,1.4924640620937506
2024-12-03,13.48739297,10.8085518148125,2.6788411551875004
2024-12-04,14.42630685,10.56108859071875,3.8652182592812494
2024-12-05,15.36522072,10.313625366999998,5.0515953530000015
2024-12-06,13.66871634,8.547180782,5.121535558
2024-12-07,13.26118334,9.184441556,4.076741784000001
2024-12-08,9.3372961,8.487532603,0.8497634969999996
2024-12-09,7.320213041,6.830234307,0.48997873400000014
2024-12-10,8.942782878,8.113117976,0.8296649019999993
2024-12-11,9.368296846,8.693750392,0.6745464539999997
2024-12-12,9.62945849,8.805641047,0.8238174429999994
2024-12-13,5.565330626,5.164089062,0.40124156399999933
2024-12-14,5.226443424,4.90568852,0.3207549040000002
2024-12-15,4.685514752,4.403519382000001,0.28199536999999886
2024-12-16,4.782228147,4.512338434,0.26988971299999953
2024-12-17,4.645596869,4.354622097,0.2909747720000002
2024-12-18,6.611404229,6.351310694,0.2600935349999993
2024-12-19,6.398634612,6.143825368,0.2548092440000005
2024-12-20,5.943172159,5.623262907000001,0.31990925199999953
2024-12-21,8.63598054,7.992970731,0.6430098090000005
2024-12-22,7.719560499,7.258184282,0.46137621699999976
2024-12-23,7.71337551,7.198567443,0.5148080669999997
2024-12-24,17.71455889,15.99576997,1.7187889199999997
2024-12-25,14.32093713,13.260200687000001,1.0607364429999997
2024-12-26,14.1689245085714,13.10828984357143,1.06063466499997
2024-12-27,14.0169118871429,12.956379000142858,1.0605328870000417
2024-12-28,13.8648992657143,12.804468156714282,1.0604311090000174
2024-12-29,13.7128866442857,12.652557313285715,1.0603293309999842
2024-12-30,13.5608740228571,12.50064646985715,1.0602275529999492
2024-12-31,13.4088614014286,12.348735626428574,1.0601257750000261
2025-01-01,13.25684878,12.196824783,1.060023997
2025-01-02,13.1048361585714,12.044913939571426,1.059922218999974
2025-01-03,12.9528235371429,11.89300309614286,1.0598204410000402
2025-01-04,12.8008109157143,11.741092252714282,1.0597186630000177
2025-01-05,12.6487982942857,11.589181409285716,1.0596168849999827
2025-01-06,12.4967856728571,11.437270565857142,1.0595151069999584
2025-01-07,12.3447730514286,11.285359722428575,1.0594133290000247
2025-01-08,12.19276043,11.133448879,1.0593115510000004
2025-01-09,12.0407478085714,10.981538035571424,1.059209772999976
2025-01-10,11.8887351871429,10.82962719214285,1.0591079950000513
2025-01-11,11.7367225657143,10.677716348714283,1.059006217000018
2025-01-12,11.5847099442857,10.525805505285717,1.058904438999983
2025-01-13,11.4326973228571,10.37389466185714,1.0588026609999606
2025-01-14,11.2806847014286,10.221983818428566,1.058700883000034
2025-01-15,11.12867208,10.070072975,1.058599104999999
2025-01-16,9.306196485,8.880791118000001,0.425405366999998
2025-01-17,7.965368056,7.853082313,0.11228574300000016
2025-01-18,9.154141008,8.957938087999999,0.19620292000000106
2025-01-19,11.19486841,10.952053202,0.24281520799999967
2025-01-20,9.06834373,9.058109424,0.01023430600000097
2025-01-21,10.22832129,10.079415920999999,0.1489053690000013
2025-01-22,9.949607855,10.042264909,-0.09265705400000002
2025-01-23,10.66269441,10.623178320000001,0.03951608999999934
2025-01-24,11.50182517,11.20832219,0.2935029799999995
2025-01-25,10.97331309,10.684658585000001,0.28865450499999845
2025-01-26,10.47418177,10.098683852,0.3754979179999989
2025-01-27,8.637714532,7.946145755,0.6915687770000005
2025-01-28,8.199566894,7.584718377,0.6148485170000004
2025-01-29,7.170577801,6.5571905610000005,0.6133872399999998
2025-01-30,6.102673297,5.690352989,0.41232030799999997
2025-01-31,6.357973242,5.944580626,0.4133926160000003
2025-02-01,5.94386217,5.574360797,0.3695013730000003
2025-02-02,6.822715121,6.436738309000001,0.3859768119999991
2025-02-03,6.536784761,6.024538174,0.5122465869999999
2025-02-04,5.64150361,5.095282447,0.5462211630000002
2025-02-05,5.272093573,4.762651601,0.5094419720000003
2025-02-06,5.450439226,4.864905446,0.5855337800000004
2025-02-07,5.624241015,5.065972025999999,0.558268989000001
2025-02-08,4.10614599,3.7907375229999998,0.31540846700000014
2025-02-09,4.29045237,3.9458431030000005,0.34460926699999916
2025-02-10,5.332114289,4.829207745,0.502906544
2025-02-11,6.048683184,5.439326702000001,0.609356481999999
2025-02-12,12.40271532,10.912333059,1.4903822610000006
2025-02-13,8.60855124,7.710190874,0.8983603660000004
2025-02-14,9.032656858,7.988336747,1.0443201109999993
2025-02-15,10.94171469,9.673755061,1.267959629
2025-02-16,12.55584134,11.14699082,1.4088505200000014
2025-02-17,10.49170441,9.315727088000001,1.1759773219999996
2025-02-18,9.858227558,8.710202801,1.148024757
2025-02-19,8.319484228,7.382076937999999,0.9374072900000012
2025-02-20,12.26946975,10.738416469,1.5310532810000002
2025-02-21,9.152104559,8.015824662,1.1362798969999997
2025-02-22,7.266637045,6.399527738,0.8671093070000007
2025-02-23,9.817217867,8.630070778,1.1871470889999998
2025-02-24,7.832189933,6.871423570999999,0.9607663620000011
2025-02-25,6.332733443,5.663680831000001,0.6690526119999998
2025-02-26,13.67204545,13.838522727,-0.16647727700000026
2025-02-27,11.72232294,13.231184125,-1.5088611850000007
2025-02-28,10.67954037,12.160495919999999,-1.4809555499999991
2025-03-01,11.08563402,12.796747370999999,-1.711113350999998
2025-03-02,15.48000993,17.096139987999997,-1.6161300579999978
2025-03-03,17.06389132,17.71581188466667,-0.6519205646666713
2025-03-04,22.76975487,15.73364450533333,7.036110364666669
2025-03-05,12.22394911,13.751477126,-1.5275280159999998
2025-03-06,7.062625235,8.289966806999999,-1.2273415719999994
2025-03-07,5.780703508,6.9125798409999994,-1.1318763329999992
2025-03-08,5.875005061,7.210229716,-1.3352246549999993
2025-03-09,7.449245763,8.71743546,-1.2681896970000004
2025-03-10,8.850902307,9.924476577,-1.07357427
2025-03-11,12.35836892,13.223330078,-0.8649611579999998
2025-03-12,21.49798631,13.991316952999998,7.506669357000003
2025-03-13,22.12447921,13.675664744999999,8.448814465000002
2025-03-14,25.32136774,14.016108738,11.305259002
2025-03-15,16.87050757,14.404500353,2.4660072170000014
2025-03-16,10.64622921,10.409849812000001,0.23637939799999863
2025-03-17,12.31929127,12.491217501,-0.1719262309999987
2025-03-18,9.113313755,9.50788014,-0.3945663849999992
2025-03-19,8.710748195,9.034652778,-0.32390458299999914
2025-03-20,9.748117938,9.776876609,-0.02875867100000029
2025-03-21,7.951800298,7.979215435,-0.0274151370000002
2025-03-22,8.149635789,8.096413371,0.05322241799999894
2025-03-23,9.105514831,8.787689187,0.3178256440000009
2025-03-24,10.07159314,9.588404074,0.48318906599999956
2025-03-25,11.92590062,11.115824976999999,0.8100756430000011
2025-03-26,10.47288446,9.927418707,0.5454657530000002
2025-03-27,12.31738618,10.677433328333331,1.6399528516666688
2025-03-28,10.12620087,10.999127514666668,-0.8729266446666681
2025-03-29,7.043632062,9.896402661,-2.8527705989999994
2025-03-30,5.525140654,7.089252706999999,-1.5641120529999988
2025-03-31,5.68834275,6.951297787,-1.2629550369999993
2025-04-01,5.584417098,6.916277111,-1.331860013
2025-04-02,6.750067012,8.277671492,-1.52760448
2025-04-03,8.329661998,10.07818189,-1.7485198919999991
2025-04-04,9.235380414,11.069074545,-1.8336941309999997
2025-04-05,21.9811075,12.877179397999999,9.103928102000001
2025-04-06,13.61980552,12.920201938,0.699603582
2025-04-07,11.07553457,12.575124412,-1.499589841999999
2025-04-08,10.73598917,12.403567679,-1.6675785090000002
2025-04-09,13.30793307,12.153870811,1.1540622589999998
2025-04-10,13.44070892,10.480000373,2.960708547000001
2025-04-11,17.85541973,8.873887329999999,8.981532400000003
2025-04-12,16.63416266,7.267774286,9.366388374000001
2025-04-13,13.26573074,4.953802241,8.311928499
2025-04-14,8.277853774,3.551735758,4.726118016000001
2025-04-15,5.965973478,2.141902248,3.8240712300000004
2025-04-16,4.684528955,1.324510201,3.3600187540000004
2025-04-17,10.38687855,1.669144624,8.717733926000001
2025-04-18,10.61100129,2.013779047,8.597222243000001
2025-04-19,10.68068805,2.421758337,8.258929713
2025-04-20,12.69466035,3.149163515,9.545496835
2025-04-21,12.78059475,3.5647761630000003,9.215818587000001
2025-04-22,10.66348963,4.187247092,6.476242538000001
2025-04-23,13.22912355,3.744287671,9.484835879
2025-04-24,15.41931925,4.636613518,10.782705732
2025-04-25,16.25081831,6.266848929,9.983969381
2025-04-26,14.19060456,6.41661361,7.773990950000001
2025-04-27,11.4023493,7.085304137,4.3170451629999995
2025-04-28,7.663097654,9.361518282999999,-1.6984206289999983
2025-04-29,6.721858992,6.6926248820000005,0.02923410999999909
2025-04-30,10.89210809,12.738608142,-1.8465000519999997
2025-05-01,10.23882372,10.67988942928571,-0.4410657092857111
2025-05-02,14.1722345,12.23428460457143,1.93794989542857
2025-05-03,18.05330693,13.793665970857141,4.25964095914286
2025-05-04,27.93349965,14.010960628142861,13.92253902185714
2025-05-05,15.59776114,12.34554395342857,3.25221718657143
2025-05-06,17.95946524,11.941576239714289,6.017889000285711
2025-05-07,15.68638357,8.710729486,6.975654084
2025-05-08,10.13122105,0.26295138900000004,9.868269661000001
2025-05-09,8.589869468,0.19484953600000002,8.395019932
2025-05-10,8.41135401,0.165243056,8.246110954
2025-05-11,9.307434244,0.23106481399999998,9.07636943
2025-05-12,7.862497136,0.207615741,7.654881395
2025-05-13,7.774825643,0.12712963,7.647696013
2025-05-14,9.351645676,0.176747685,9.174897991
2025-05-15,8.328122685,0.096990741,8.231131944
2025-05-16,3.546059911,0.065798611,3.4802613
2025-05-17,3.81916549,0.057303241,3.761862249
2025-05-18,4.552090121,0.075104167,4.476985954
2025-05-19,7.634152111,0.072418982,7.561733128999999
2025-05-20,12.22592781,0.79185299,11.43407482
2025-05-21,20.88073925,0.181967593,20.698771657
2025-05-22,22.76927022,2.299681807,20.469588413
